Dia,Hora,BTC-USD,USD/EUR,Gold_ETF,Oil_ETF,Dow_Jones,S&P500,Sentimentos_PreProcessados
1,0,45597.73046875,0.9032999873161316,180.72999572753903,74.12000274658203,34688.51171875,4532.2998046875,57.0284
1,1,45128.6640625,0.902899980545044,180.72999572753903,74.12000274658203,34688.51171875,4532.2998046875,25.6996
1,2,44432.62890625,0.903599977493286,180.72999572753903,74.12000274658203,34688.51171875,4532.2998046875,31.6333
1,3,44573.2578125,0.9035000205039978,180.72999572753903,74.12000274658203,34688.51171875,4532.2998046875,19.8053
1,4,44754.609375,0.9035000205039978,180.72999572753903,74.12000274658203,34688.51171875,4532.2998046875,20.9343
1,5,44711.43359375,0.9031999707221984,180.72999572753903,74.12000274658203,34688.51171875,4532.2998046875,21.7565
1,6,44844.25,0.902899980545044,180.72999572753903,74.12000274658203,34688.51171875,4532.2998046875,30.4266
1,7,45053.359375,0.9042999744415284,180.72999572753903,74.12000274658203,34688.51171875,4532.2998046875,23.6911
1,8,45155.94140625,0.9039000272750854,180.72999572753903,74.12000274658203,34688.51171875,4532.2998046875,25.5509
1,9,45113.328125,0.9042999744415284,180.72999572753903,74.12000274658203,34688.51171875,4532.2998046875,26.9582
1,10,45221.546875,0.9034000039100648,180.72999572753903,74.12000274658203,34688.51171875,4532.2998046875,21.7383
1,11,45122.015625,0.9046000242233276,180.72999572753903,74.12000274658203,34688.51171875,4532.2998046875,19.9919
1,12,45245.26171875,0.9050999879837036,180.72999572753903,74.12000274658203,34688.51171875,4532.2998046875,31.2107
1,13,45452.1640625,0.9050999879837036,179.61500549316406,73.91000366210938,34609.30078125,4526.43994140625,27.9401
1,14,45992.0390625,0.9059000015258788,179.92999267578125,74.55000305175781,34704.48046875,4532.93994140625,25.0792
1,15,46557.36328125,0.9052000045776368,179.63999938964844,73.8499984741211,34613.30078125,4520.14990234375,20.0541
1,16,46178.4375,0.9056000113487244,179.1999969482422,74.18990325927734,34574.41015625,4512.3701171875,12.3577
1,17,46451.0078125,0.9054999947547911,179.6300048828125,74.01000213623047,34795.58984375,4537.3798828125,23.5797
1,18,46360.69140625,0.9056000113487244,179.6699981689453,74.05999755859375,34719.078125,4526.7900390625,26.4236
1,19,46369.453125,0.9049999713897704,179.44000244140625,74.16999816894531,34810.359375,4544.7900390625,26.7423
1,20,46178.52734375,0.9049000144004822,179.44000244140625,74.16999816894531,34810.359375,4544.7900390625,28.8617
1,21,46315.58984375,0.9050999879837036,179.44000244140625,74.16999816894531,34810.359375,4544.7900390625,36.4633
1,22,46304.5703125,0.9050999879837036,179.44000244140625,74.16999816894531,34810.359375,4544.7900390625,18.5566
2,0,47003.4296875,0.9050999879837036,179.44000244140625,74.16999816894531,34810.359375,4544.7900390625,61.3658
2,1,46759.08203125,0.9050999879837036,179.44000244140625,74.16999816894531,34810.359375,4544.7900390625,35.8586
2,2,46531.87109375,0.9050999879837036,179.44000244140625,74.16999816894531,34810.359375,4544.7900390625,30.881899999999998
2,3,45473.83203125,0.902099996805191,89.72000122070312,37.084999084472656,17405.1796875,2272.39501953125,56.425
2,4,45418.927734375,0.9019999802112579,89.72000122070312,37.084999084472656,17405.1796875,2272.39501953125,68.6007
2,5,45434.72430203046,0.9023426395987496,91.08629565553616,37.649745263424016,17670.233185279187,2307.0000198286803,40.2754
2,6,45286.44707914573,0.902911035858806,90.1708554981941,37.27135586379161,17492.64290201005,2283.8140899811556,46.3545
2,7,45241.884765625,0.9032000005245209,89.72000122070312,37.084999084472656,17405.1796875,2272.39501953125,51.6628
2,8,45255.389506124375,0.9034085465436006,90.1708554981941,37.27135586379161,17492.64290201005,2283.8140899811556,52.0492
2,9,45347.009486607145,0.9035816314269085,91.5510216537787,37.8418358004823,17760.38743622449,2318.770428093112,50.9876
2,10,45430.66965418782,0.9031304408451022,91.08629565553616,37.649745263424016,17670.233185279187,2307.0000198286803,38.3277
2,11,45356.75733901515,0.9029222028424041,90.62626385929609,37.459595034820865,17580.989583333332,2295.3485045770203,49.3559
2,12,45385.28515625,0.9023000001907349,89.72000122070312,37.084999084472656,17405.1796875,2272.39501953125,39.6086
2,13,45124.82912609925,0.9027120671679626,90.1708554981941,37.27135586379161,17492.64290201005,2283.8140899811556,50.2992
2,14,45663.90240323604,0.9031796875943993,180.00132193783213,73.71020844745152,34233.86986437183,4449.227767092322,53.5665
2,15,45230.031131628784,0.9041101017383614,179.54393760604088,73.71464553987137,34337.36553030303,4460.61406545928,64.754
2,16,45319.8671875,0.9027499854564667,179.3375015258789,73.90999984741211,34350.099609375,4463.18505859375,49.9991
2,17,45127.67578125,0.902649998664856,179.3800048828125,74.0754508972168,34376.810546875,4468.510009765625,46.9798
2,18,44762.416015625,0.90174999833107,179.62000274658203,74.70000076293945,34371.775390625,4468.0,47.2173
2,19,44956.05449120603,0.9020653151387545,179.78326998763347,75.06050113697148,34372.38581579774,4469.833645767902,60.9645
2,20,45011.7903776696,0.9017668324499274,179.5693464422945,74.79185746542773,34349.034999214826,4465.605002551822,35.7197
2,21,45081.408203125,0.9020499885082245,179.56999969482422,74.79499816894531,34346.705078125,4465.205078125,43.8441
2,22,45126.720703125,0.9020499885082245,179.56999969482422,74.79499816894531,34346.705078125,4465.205078125,39.5998
3,0,44017.53125,0.9003999829292297,179.6999969482422,75.41999816894531,33883.05078125,4385.6201171875,55.6894
3,1,43840.328125,0.900600016117096,179.6999969482422,75.41999816894531,33883.05078125,4385.6201171875,36.0852
3,2,43806.29296875,0.9000999927520752,179.6999969482422,75.41999816894531,33883.05078125,4385.6201171875,23.8241
3,3,43374.94921875,0.9006999731063843,179.6999969482422,75.41999816894531,33883.05078125,4385.6201171875,19.2167
3,4,43424.421875,0.9009000062942504,179.6999969482422,75.41999816894531,33883.05078125,4385.6201171875,26.9499
3,5,43410.21484375,0.9003999829292297,179.6999969482422,75.41999816894531,33883.05078125,4385.6201171875,18.4947
3,6,43413.58984375,0.9003999829292297,179.6999969482422,75.41999816894531,33883.05078125,4385.6201171875,27.6202
3,7,43408.8671875,0.9009000062942504,179.6999969482422,75.41999816894531,33883.05078125,4385.6201171875,19.5987
3,8,43415.10546875,0.901199996471405,179.6999969482422,75.41999816894531,33883.05078125,4385.6201171875,24.5524
3,9,43214.4921875,0.902400016784668,179.6999969482422,75.41999816894531,33883.05078125,4385.6201171875,25.8326
3,10,43361.36328125,0.901799976825714,179.6999969482422,75.41999816894531,33883.05078125,4385.6201171875,31.6987
3,11,43403.1328125,0.9016000032424928,179.6999969482422,75.41999816894531,33883.05078125,4385.6201171875,22.3424
3,12,43540.77734375,0.9025999903678894,179.6999969482422,75.41999816894531,33883.05078125,4385.6201171875,17.9213
3,13,43855.43359375,0.901799976825714,179.6999969482422,75.41999816894531,33883.05078125,4385.6201171875,23.1305
3,14,43459.109375,0.902400016784668,179.86000061035156,75.76000213623047,33949.83984375,4383.2900390625,15.8573
3,15,42586.109375,0.903599977493286,179.97000122070312,75.58999633789062,33768.23046875,4364.85009765625,18.5439
3,16,42465.51953125,0.9042999744415284,180.01499938964844,75.98999786376953,33778.62109375,4361.97998046875,22.8951
3,17,42423.2890625,0.9045000076293944,180.55999755859366,74.70999908447266,34018.25,4395.02001953125,15.7439
3,18,42266.4765625,0.903599977493286,180.51499938964844,74.1500015258789,34029.26171875,4392.740234375,15.3539
3,19,42218.4921875,0.9039999842643738,181.0601043701172,74.7699966430664,33872.5390625,4370.39990234375,17.2358
3,20,41997.7265625,0.903599977493286,180.80999755859366,74.55999755859375,33797.26171875,4363.740234375,12.7157
3,21,42069.0234375,0.9034000039100648,180.80999755859366,74.55999755859375,33797.26171875,4363.740234375,14.6677
3,22,42501.23828125,0.9034000039100648,180.80999755859366,74.55999755859375,33797.26171875,4363.740234375,12.4373
4,0,41636.109375,0.9078999757766724,180.80999755859366,74.55999755859375,33797.26171875,4363.740234375,25.2336
4,1,41537.171875,0.9045000076293944,180.80999755859366,74.55999755859375,33797.26171875,4363.740234375,26.8478
4,2,41447.3125,0.9064000248908995,180.80999755859366,74.55999755859375,33797.26171875,4363.740234375,34.4504
4,3,41476.1796875,0.9065999984741212,180.80999755859366,74.55999755859375,33797.26171875,4363.740234375,23.020699999999998
4,4,41381.03515625,0.9059000015258788,180.80999755859366,74.55999755859375,33797.26171875,4363.740234375,24.1733
4,5,41378.53515625,0.906499981880188,180.80999755859366,74.55999755859375,33797.26171875,4363.740234375,33.125
4,6,41401.2578125,0.9075000286102296,180.80999755859366,74.55999755859375,33797.26171875,4363.740234375,23.073
4,7,41403.49609375,0.907800018787384,180.80999755859366,74.55999755859375,33797.26171875,4363.740234375,23.203
4,8,41547.7734375,0.9077000021934508,180.80999755859366,74.55999755859375,33797.26171875,4363.740234375,33.1727
4,9,41575.13671875,0.9074000120162964,180.80999755859366,74.55999755859375,33797.26171875,4363.740234375,20.4459
4,10,41698.63671875,0.9086999893188475,180.80999755859366,74.55999755859375,33797.26171875,4363.740234375,40.8594
4,11,41786.64453125,0.9108999967575072,180.80999755859366,74.55999755859375,33797.26171875,4363.740234375,26.9652
4,12,41479.9765625,0.9140999913215636,180.80999755859366,74.55999755859375,33797.26171875,4363.740234375,21.011
4,13,41320.8671875,0.916599988937378,180.80999755859366,74.55999755859375,33797.26171875,4363.740234375,24.5532
4,14,40922.49609375,0.916599988937378,182.5200042724609,77.86000061035156,33383.328125,4303.4501953125,18.8144
4,15,40778.453125,0.9156000018119812,183.1300048828125,77.05000305175781,33344.3515625,4296.58984375,27.0178
4,16,40785.0625,0.916100025177002,183.0749969482422,76.75,33526.94140625,4320.72021484375,34.8474
4,17,40855.84375,0.9151999950408936,183.3000030517578,77.92890167236328,33548.58984375,4324.25,30.4783
4,18,40696.56640625,0.9143999814987184,183.60009765625,79.83000183105469,33496.16015625,4317.66015625,19.7333
4,19,39939.796875,0.9162999987602234,183.83999633789065,79.51000213623047,33469.55078125,4312.6201171875,14.5019
4,20,39563.40625,0.91430002450943,183.67999267578125,79.41999816894531,33615.6484375,4329.35986328125,17.2878
4,21,39445.9609375,0.91430002450943,183.67999267578125,79.41999816894531,33615.6484375,4329.35986328125,21.9145
4,22,38978.40625,0.916100025177002,183.67999267578125,79.41999816894531,33615.6484375,4329.35986328125,19.5467
5,0,38873.56640625,0.916100025177002,183.67999267578125,79.41999816894531,33615.6484375,4329.35986328125,72.2428
5,1,39000.7421875,0.916100025177002,183.67999267578125,79.41999816894531,33615.6484375,4329.35986328125,28.659399999999998
5,2,38964.109375,0.916100025177002,183.67999267578125,79.41999816894531,33615.6484375,4329.35986328125,35.5343
5,3,39072.609375,0.916100025177002,183.67999267578125,79.41999816894531,33615.6484375,4329.35986328125,35.467
5,4,38878.34375,0.916100025177002,183.67999267578125,79.41999816894531,33615.6484375,4329.35986328125,39.6691
5,5,38969.12890625,0.916100025177002,183.67999267578125,79.41999816894531,33615.6484375,4329.35986328125,17.701900000000002
5,6,38995.3046875,0.916100025177002,183.67999267578125,79.41999816894531,33615.6484375,4329.35986328125,22.2361
5,7,39044.65234375,0.916100025177002,183.67999267578125,79.41999816894531,33615.6484375,4329.35986328125,26.3501
5,8,39119.94921875,0.916100025177002,183.67999267578125,79.41999816894531,33615.6484375,4329.35986328125,27.7568
5,9,39050.88671875,0.916100025177002,183.67999267578125,79.41999816894531,33615.6484375,4329.35986328125,29.5179
5,10,39134.0234375,0.916100025177002,183.67999267578125,79.41999816894531,33615.6484375,4329.35986328125,26.959
5,11,39169.11328125,0.916100025177002,183.67999267578125,79.41999816894531,33615.6484375,4329.35986328125,17.1286
5,12,39143.58984375,0.916100025177002,183.67999267578125,79.41999816894531,33615.6484375,4329.35986328125,22.5174
5,13,39048.08203125,0.916100025177002,183.67999267578125,79.41999816894531,33615.6484375,4329.35986328125,25.6331
5,14,39161.16015625,0.916100025177002,183.67999267578125,79.41999816894531,33615.6484375,4329.35986328125,28.6443
5,15,39189.35546875,0.916100025177002,183.67999267578125,79.41999816894531,33615.6484375,4329.35986328125,16.7158
5,16,39396.796875,0.916100025177002,183.67999267578125,79.41999816894531,33615.6484375,4329.35986328125,22.319499999999998
5,17,39463.5859375,0.916100025177002,183.67999267578125,79.41999816894531,33615.6484375,4329.35986328125,18.5652
5,18,39422.48828125,0.916100025177002,183.67999267578125,79.41999816894531,33615.6484375,4329.35986328125,21.7313
5,19,39448.67578125,0.916100025177002,183.67999267578125,79.41999816894531,33615.6484375,4329.35986328125,24.871199999999998
5,20,39542.625,0.916100025177002,183.67999267578125,79.41999816894531,33615.6484375,4329.35986328125,11.7157
5,21,39440.27734375,0.916100025177002,183.67999267578125,79.41999816894531,33615.6484375,4329.35986328125,18.5528
5,22,39474.33203125,0.916100025177002,183.67999267578125,79.41999816894531,33615.6484375,4329.35986328125,22.4376
6,0,39576.9609375,0.916100025177002,183.67999267578125,79.41999816894531,33615.6484375,4329.35986328125,42.6064
6,1,39467.8984375,0.916100025177002,183.67999267578125,79.41999816894531,33615.6484375,4329.35986328125,25.9056
6,2,39521.57421875,0.916100025177002,183.67999267578125,79.41999816894531,33615.6484375,4329.35986328125,33.1991
6,3,39386.8046875,0.916100025177002,183.67999267578125,79.41999816894531,33615.6484375,4329.35986328125,35.6619
6,4,39507.63671875,0.916100025177002,183.67999267578125,79.41999816894531,33615.6484375,4329.35986328125,31.1412
6,5,39529.25,0.916100025177002,183.67999267578125,79.41999816894531,33615.6484375,4329.35986328125,20.9986
6,6,39484.65234375,0.916100025177002,183.67999267578125,79.41999816894531,33615.6484375,4329.35986328125,23.8632
6,7,39418.36328125,0.916100025177002,183.67999267578125,79.41999816894531,33615.6484375,4329.35986328125,24.8148
6,8,39215.546875,0.916100025177002,183.67999267578125,79.41999816894531,33615.6484375,4329.35986328125,22.4927
6,9,38829.71875,0.916100025177002,183.67999267578125,79.41999816894531,33615.6484375,4329.35986328125,40.67
6,10,38319.953125,0.916100025177002,183.67999267578125,79.41999816894531,33615.6484375,4329.35986328125,30.7727
6,11,38371.67578125,0.916100025177002,183.67999267578125,79.41999816894531,33615.6484375,4329.35986328125,30.0672
6,12,38549.234375,0.916100025177002,183.67999267578125,79.41999816894531,33615.6484375,4329.35986328125,26.3574
6,13,38916.78515625,0.916100025177002,183.67999267578125,79.41999816894531,33615.6484375,4329.35986328125,30.7419
6,14,38855.72265625,0.916100025177002,183.67999267578125,79.41999816894531,33615.6484375,4329.35986328125,33.741
6,15,38869.33984375,0.916100025177002,183.67999267578125,79.41999816894531,33615.6484375,4329.35986328125,32.7189
6,16,39213.2421875,0.916100025177002,183.67999267578125,79.41999816894531,33615.6484375,4329.35986328125,29.8075
6,17,39011.484375,0.916100025177002,183.67999267578125,79.41999816894531,33615.6484375,4329.35986328125,35.226
6,18,38872.109375,0.916100025177002,183.67999267578125,79.41999816894531,33615.6484375,4329.35986328125,24.8827
6,19,38721.82421875,0.916100025177002,183.67999267578125,79.41999816894531,33615.6484375,4329.35986328125,23.5677
6,20,38861.1015625,0.916100025177002,183.67999267578125,79.41999816894531,33615.6484375,4329.35986328125,27.7271
6,21,39006.5546875,0.916100025177002,183.67999267578125,79.41999816894531,33615.6484375,4329.35986328125,20.6946
6,22,39016.60546875,0.916100025177002,183.67999267578125,79.41999816894531,33615.6484375,4329.35986328125,16.275199999999998
7,0,38340.140625,0.9199000000953674,183.67999267578125,79.41999816894531,33615.6484375,4329.35986328125,62.278999999999996
7,1,38384.3125,0.921999990940094,183.67999267578125,79.41999816894531,33615.6484375,4329.35986328125,35.3276
7,2,37797.94140625,0.921999990940094,183.67999267578125,79.41999816894531,33615.6484375,4329.35986328125,16.9572
7,3,37933.234375,0.9196000099182128,183.67999267578125,79.41999816894531,33615.6484375,4329.35986328125,35.5218
7,4,37934.59375,0.9186999797821044,183.67999267578125,79.41999816894531,33615.6484375,4329.35986328125,45.844500000000004
7,5,38109.51953125,0.9192000031471252,183.67999267578125,79.41999816894531,33615.6484375,4329.35986328125,33.8924
7,6,38179.9375,0.9193999767303468,183.67999267578125,79.41999816894531,33615.6484375,4329.35986328125,36.7329
7,7,37981.75390625,0.9194999933242798,183.67999267578125,79.41999816894531,33615.6484375,4329.35986328125,30.3262
7,8,38114.5859375,0.920199990272522,183.67999267578125,79.41999816894531,33615.6484375,4329.35986328125,36.2467
7,9,38190.48828125,0.9210000038146972,183.67999267578125,79.41999816894531,33615.6484375,4329.35986328125,22.3256
7,10,38187.9375,0.9229000210762024,183.67999267578125,79.41999816894531,33615.6484375,4329.35986328125,25.1922
7,11,38356.453125,0.9205999970436096,183.67999267578125,79.41999816894531,33615.6484375,4329.35986328125,34.6777
7,12,38667.9296875,0.9179999828338624,183.67999267578125,79.41999816894531,33615.6484375,4329.35986328125,27.0961
7,13,39029.85546875,0.9174000024795532,183.67999267578125,79.41999816894531,33615.6484375,4329.35986328125,30.9796
7,14,38970.94921875,0.917900025844574,184.97000122070312,81.25,33183.51953125,4266.02001953125,36.5167
7,15,39042.828125,0.919099986553192,184.6000061035156,82.26000213623047,33202.83984375,4269.169921875,26.9466
7,16,38871.68359375,0.9207000136375428,185.13999938964844,81.04000091552734,32972.7890625,4235.4599609375,22.7945
7,17,38798.75,0.9193000197410583,185.9900054931641,83.08999633789062,33017.5390625,4234.830078125,25.2382
7,18,38035.73828125,0.9189000129699708,186.1100006103516,82.08000183105469,32993.76953125,4233.27001953125,33.8362
7,19,37351.30078125,0.9210000038146972,186.0500030517578,82.18000030517578,32953.73046875,4220.81982421875,14.2186
7,20,37592.2109375,0.9193999767303468,186.4100036621093,82.4000015258789,32819.55859375,4201.56982421875,14.8504
7,21,37919.30078125,0.9211000204086304,186.4100036621093,82.4000015258789,32819.55859375,4201.56982421875,16.9059
7,22,38160.0,0.9211000204086304,186.4100036621093,82.4000015258789,32819.55859375,4201.56982421875,15.1812
8,0,38266.10546875,0.920799970626831,186.4100036621093,82.4000015258789,32819.55859375,4201.56982421875,36.2356
8,1,38402.375,0.9193999767303468,186.4100036621093,82.4000015258789,32819.55859375,4201.56982421875,30.1143
8,2,38674.26171875,0.9193000197410583,186.4100036621093,82.4000015258789,32819.55859375,4201.56982421875,28.2887
8,3,38667.92578125,0.9199000000953674,186.4100036621093,82.4000015258789,32819.55859375,4201.56982421875,15.3726
8,4,38543.03125,0.9194999933242798,186.4100036621093,82.4000015258789,32819.55859375,4201.56982421875,38.7209
8,5,38396.234375,0.920199990272522,186.4100036621093,82.4000015258789,32819.55859375,4201.56982421875,31.1856
8,6,38243.11328125,0.9204999804496764,186.4100036621093,82.4000015258789,32819.55859375,4201.56982421875,28.1369
8,7,38533.87890625,0.920199990272522,186.4100036621093,82.4000015258789,32819.55859375,4201.56982421875,25.8715
8,8,38777.4921875,0.9175000190734864,186.4100036621093,82.4000015258789,32819.55859375,4201.56982421875,28.6985
8,9,38942.12890625,0.9182000160217284,186.4100036621093,82.4000015258789,32819.55859375,4201.56982421875,42.5699
8,10,38983.015625,0.91729998588562,186.4100036621093,82.4000015258789,32819.55859375,4201.56982421875,33.8472
8,11,38992.1796875,0.917900025844574,186.4100036621093,82.4000015258789,32819.55859375,4201.56982421875,26.1159
8,12,38759.50390625,0.916700005531311,186.4100036621093,82.4000015258789,32819.55859375,4201.56982421875,22.3513
8,13,38892.82421875,0.9156000018119812,186.4100036621093,82.4000015258789,32819.55859375,4201.56982421875,19.5948
8,14,38776.57421875,0.916800022125244,192.02999877929688,87.45500183105469,32647.3203125,4169.77978515625,29.5169
8,15,38605.31640625,0.9192000031471252,191.97999572753903,86.46499633789062,32676.400390625,4172.60986328125,29.0627
8,16,38404.87109375,0.9190000295639038,190.1750030517578,83.67530059814453,33209.73046875,4243.56005859375,24.4878
8,17,39030.9921875,0.913699984550476,190.22000122070312,85.55999755859375,33170.58984375,4242.509765625,17.4191
8,18,38746.9765625,0.9156000018119812,190.3600006103516,84.2699966430664,32937.890625,4213.83984375,26.9012
8,19,38761.32421875,0.916700005531311,191.1999969482422,84.7699966430664,32816.71875,4196.240234375,17.348200000000002
8,20,38495.453125,0.9162999987602234,191.50999450683602,85.45500183105469,32633.759765625,4170.740234375,17.6152
8,21,38500.76953125,0.9174000024795532,191.50999450683602,85.45500183105469,32633.759765625,4170.740234375,30.0672
8,22,38594.34375,0.9169999957084656,191.50999450683602,85.45500183105469,32633.759765625,4170.740234375,14.2967
9,0,38953.203125,0.9157999753952026,191.50999450683602,85.45500183105469,32633.759765625,4170.740234375,38.888799999999996
9,1,39167.2578125,0.9160000085830688,191.50999450683602,85.45500183105469,32633.759765625,4170.740234375,28.3403
9,2,39412.69921875,0.9157000184059144,191.50999450683602,85.45500183105469,32633.759765625,4170.740234375,40.8861
9,3,41229.26171875,0.916599988937378,191.50999450683602,85.45500183105469,32633.759765625,4170.740234375,28.4481
9,4,41578.71484375,0.9157999753952026,191.50999450683602,85.45500183105469,32633.759765625,4170.740234375,19.7264
9,5,41404.83984375,0.9158999919891356,191.50999450683602,85.45500183105469,32633.759765625,4170.740234375,27.7573
9,6,41600.953125,0.9154000282287598,191.50999450683602,85.45500183105469,32633.759765625,4170.740234375,29.689899999999998
9,7,41734.2109375,0.9157000184059144,191.50999450683602,85.45500183105469,32633.759765625,4170.740234375,23.5715
9,8,42209.515625,0.913100004196167,191.50999450683602,85.45500183105469,32633.759765625,4170.740234375,14.4789
9,9,42062.3828125,0.9114999771118164,191.50999450683602,85.45500183105469,32633.759765625,4170.740234375,22.9176
9,10,42157.890625,0.9115999937057496,191.50999450683602,85.45500183105469,32633.759765625,4170.740234375,10.457699999999999
9,11,42123.890625,0.911199986934662,191.50999450683602,85.45500183105469,32633.759765625,4170.740234375,27.246199999999998
9,12,41931.91015625,0.910099983215332,191.50999450683602,85.45500183105469,32633.759765625,4170.740234375,26.0399
9,13,41813.9453125,0.9077000021934508,191.50999450683602,85.45500183105469,32633.759765625,4170.740234375,22.1904
9,14,42124.96484375,0.9064000248908995,186.13999938964844,79.87000274658203,33254.2109375,4262.72021484375,28.6815
9,15,42384.6796875,0.9049999713897704,186.94000244140625,80.33000183105469,33218.1015625,4258.919921875,24.3095
9,16,42223.09375,0.902999997138977,186.1199951171875,77.66999816894531,33370.91015625,4281.02978515625,29.7296
9,17,42277.22265625,0.9014000296592712,185.22999572753903,74.19000244140625,33395.109375,4287.8798828125,24.089
9,18,42022.08203125,0.9034000039100648,185.15499877929688,74.26000213623047,33294.66015625,4277.14013671875,22.4465
9,19,42187.65625,0.902400016784668,186.17999267578125,75.0,33399.71875,4292.7001953125,17.733
9,20,41816.00390625,0.9032999873161316,185.82000732421875,75.41000366210938,33285.08984375,4277.5498046875,19.6546
9,21,41883.6875,0.9025999903678894,185.82000732421875,75.41000366210938,33285.08984375,4277.5498046875,19.4296
9,22,41907.90625,0.9034000039100648,185.82000732421875,75.41000366210938,33285.08984375,4277.5498046875,23.6917
10,0,41842.875,0.90420001745224,185.82000732421875,75.41000366210938,33285.08984375,4277.5498046875,36.5612
10,1,41047.0234375,0.904699981212616,185.82000732421875,75.41000366210938,33285.08984375,4277.5498046875,24.024
10,2,40883.578125,0.9046000242233276,185.82000732421875,75.41000366210938,33285.08984375,4277.5498046875,22.317800000000002
10,3,40853.31640625,0.9039999842643738,185.82000732421875,75.41000366210938,33285.08984375,4277.5498046875,27.79
10,4,39625.3046875,0.9043999910354614,185.82000732421875,75.41000366210938,33285.08984375,4277.5498046875,16.7522
10,5,39253.0390625,0.9039999842643738,185.82000732421875,75.41000366210938,33285.08984375,4277.5498046875,29.9479
10,6,39343.921875,0.90420001745224,185.82000732421875,75.41000366210938,33285.08984375,4277.5498046875,30.1845
10,7,39292.109375,0.9035000205039978,185.82000732421875,75.41000366210938,33285.08984375,4277.5498046875,30.3295
10,8,39221.19921875,0.9063000082969666,185.82000732421875,75.41000366210938,33285.08984375,4277.5498046875,25.6604
10,9,39237.07421875,0.9053000211715698,185.82000732421875,75.41000366210938,33285.08984375,4277.5498046875,21.5175
10,10,39106.04296875,0.9056000113487244,185.82000732421875,75.41000366210938,33285.08984375,4277.5498046875,23.7458
10,11,39122.62890625,0.9056000113487244,185.82000732421875,75.41000366210938,33285.08984375,4277.5498046875,19.7267
10,12,39282.25390625,0.9007999897003174,185.82000732421875,75.41000366210938,33285.08984375,4277.5498046875,22.0484
10,13,38926.63671875,0.9032999873161316,185.82000732421875,75.41000366210938,33285.08984375,4277.5498046875,19.3161
10,14,39270.57421875,0.9079999923706056,186.22000122070312,74.95999908447266,33024.671875,4237.81982421875,18.4877
10,15,39219.3125,0.9072999954223632,186.34190368652344,75.51270294189453,32842.80078125,4212.14013671875,21.4919
10,16,39141.8125,0.9082000255584716,186.6999969482422,74.5,32997.44921875,4233.5400390625,26.0437
10,17,39166.59375,0.909600019454956,186.32000732421875,74.26930236816406,32951.3203125,4228.22998046875,28.0677
10,18,39217.3359375,0.9097999930381776,186.3000030517578,73.66000366210938,33096.48828125,4252.58984375,24.0032
10,19,39394.7578125,0.9097999930381776,186.9100036621093,74.16999816894531,33125.83984375,4253.14013671875,24.0622
10,20,39624.3359375,0.9107999801635742,186.42999267578125,74.07849884033203,33171.109375,4259.18994140625,21.7021
10,21,39356.3671875,0.9097999930381776,186.42999267578125,74.07849884033203,33171.109375,4259.18994140625,26.9317
10,22,39434.90234375,0.9097999930381776,186.42999267578125,74.07849884033203,33171.109375,4259.18994140625,24.5706
11,0,39297.94140625,0.908900022506714,186.42999267578125,74.07849884033203,33171.109375,4259.18994140625,41.0536
11,1,38739.37890625,0.9097999930381776,186.42999267578125,74.07849884033203,33171.109375,4259.18994140625,20.5391
11,2,38422.3125,0.9093000292778016,186.42999267578125,74.07849884033203,33171.109375,4259.18994140625,30.8494
11,3,38724.4921875,0.9083999991416932,186.42999267578125,74.07849884033203,33171.109375,4259.18994140625,23.9699
11,4,38589.0234375,0.9086999893188475,186.42999267578125,74.07849884033203,33171.109375,4259.18994140625,29.3735
11,5,38752.9453125,0.9089999794960022,186.42999267578125,74.07849884033203,33171.109375,4259.18994140625,30.1594
11,6,38890.94921875,0.9085999727249146,186.42999267578125,74.07849884033203,33171.109375,4259.18994140625,32.1565
11,7,39163.859375,0.910099983215332,186.42999267578125,74.07849884033203,33171.109375,4259.18994140625,28.6446
11,8,39034.10546875,0.9104999899864196,186.42999267578125,74.07849884033203,33171.109375,4259.18994140625,30.5142
11,9,39041.09375,0.9114999771118164,186.42999267578125,74.07849884033203,33171.109375,4259.18994140625,29.6803
11,10,39056.79296875,0.9106000065803528,186.42999267578125,74.07849884033203,33171.109375,4259.18994140625,29.528
11,11,39843.26171875,0.9075999855995178,186.42999267578125,74.07849884033203,33171.109375,4259.18994140625,23.5287
11,12,39854.4140625,0.9100000262260436,186.42999267578125,74.07849884033203,33171.109375,4259.18994140625,17.5367
11,13,39278.77734375,0.9089999794960022,186.42999267578125,74.07849884033203,33171.109375,4259.18994140625,22.1882
11,14,39296.45703125,0.9099000096321106,184.27999877929688,75.02999877929688,33321.44140625,4262.0498046875,29.9315
11,15,39106.140625,0.9118000268936156,185.2100067138672,75.82489776611328,33341.19140625,4256.0400390625,19.9863
11,16,38767.71484375,0.91430002450943,185.7400054931641,76.30989837646484,33180.23828125,4238.8798828125,15.5755
11,17,38850.8046875,0.9160000085830688,184.9199981689453,75.9000015258789,33272.3203125,4254.35009765625,21.8274
11,18,38729.88671875,0.916700005531311,185.4499969482422,76.41999816894531,33246.828125,4251.14990234375,22.5689
11,19,38807.92578125,0.916599988937378,185.19000244140625,76.51000213623047,33084.171875,4224.06982421875,31.14
11,20,38447.69140625,0.9161999821662904,185.05999755859366,76.3499984741211,32942.30859375,4203.91015625,10.6908
11,21,38863.25,0.916100025177002,185.05999755859366,76.3499984741211,32942.30859375,4203.91015625,11.4789
11,22,38996.421875,0.9161999821662904,185.05999755859366,76.3499984741211,32942.30859375,4203.91015625,21.2936
12,0,39114.35546875,0.9161999821662904,185.05999755859366,76.3499984741211,32942.30859375,4203.91015625,33.394
12,1,39187.1875,0.9161999821662904,185.05999755859372,76.3499984741211,32942.30859375,4203.91015625,32.1231
12,2,39137.1640625,0.9161999821662904,185.05999755859366,76.3499984741211,32942.30859375,4203.91015625,31.7518
12,3,39105.92578125,0.9161999821662904,185.05999755859366,76.3499984741211,32942.30859375,4203.91015625,33.7598
12,4,39091.53125,0.9161999821662904,185.05999755859372,76.3499984741211,32942.30859375,4203.91015625,21.4486
12,5,39168.6328125,0.9161999821662904,185.05999755859366,76.3499984741211,32942.30859375,4203.91015625,24.6984
12,6,39115.90625,0.9161999821662904,185.05999755859366,76.3499984741211,32942.30859375,4203.91015625,29.5963
12,7,39114.046875,0.9161999821662904,185.05999755859366,76.3499984741211,32942.30859375,4203.91015625,25.3407
12,8,39121.5234375,0.9161999821662904,185.05999755859366,76.3499984741211,32942.30859375,4203.91015625,27.2589
12,9,39162.765625,0.9161999821662904,185.05999755859366,76.3499984741211,32942.30859375,4203.91015625,20.1562
12,10,39217.28515625,0.9161999821662904,185.05999755859366,76.3499984741211,32942.30859375,4203.91015625,17.3066
12,11,39099.28515625,0.9161999821662904,185.05999755859366,76.3499984741211,32942.30859375,4203.91015625,33.8146
12,12,39197.0390625,0.9161999821662904,185.05999755859366,76.3499984741211,32942.30859375,4203.91015625,27.9353
12,13,39091.83203125,0.9161999821662904,185.05999755859366,76.3499984741211,32942.30859375,4203.91015625,24.0485
12,14,38927.1640625,0.9161999821662904,185.05999755859366,76.3499984741211,32942.30859375,4203.91015625,24.3672
12,15,39103.69140625,0.9161999821662904,185.05999755859366,76.3499984741211,32942.30859375,4203.91015625,9.3539
12,16,39100.91015625,0.9161999821662904,185.05999755859366,76.3499984741211,32942.30859375,4203.91015625,15.8633
12,17,39114.6875,0.9161999821662904,185.05999755859366,76.3499984741211,32942.30859375,4203.91015625,24.0998
12,18,39089.81640625,0.9161999821662904,185.05999755859366,76.3499984741211,32942.30859375,4203.91015625,27.9849
12,19,39039.10546875,0.9161999821662904,185.05999755859366,76.3499984741211,32942.30859375,4203.91015625,18.2948
12,20,39155.34765625,0.9161999821662904,185.05999755859366,76.3499984741211,32942.30859375,4203.91015625,16.7848
12,21,39108.71484375,0.9161999821662904,185.05999755859366,76.3499984741211,32942.30859375,4203.91015625,15.1929
12,22,39132.37109375,0.9161999821662904,185.05999755859366,76.3499984741211,32942.30859375,4203.91015625,13.608
13,0,38917.890625,0.9161999821662904,185.05999755859366,76.3499984741211,32942.30859375,4203.91015625,78.9158
13,1,39024.55859375,0.9161999821662904,185.05999755859366,76.3499984741211,32942.30859375,4203.91015625,25.2029
13,2,39150.26953125,0.9161999821662904,185.05999755859366,76.3499984741211,32942.30859375,4203.91015625,32.4331
13,3,39180.6171875,0.9161999821662904,185.05999755859366,76.3499984741211,32942.30859375,4203.91015625,31.6273
13,4,39151.29296875,0.9161999821662904,185.05999755859366,76.3499984741211,32942.30859375,4203.91015625,27.058
13,5,39163.21484375,0.9161999821662904,185.05999755859366,76.3499984741211,32942.30859375,4203.91015625,28.1644
13,6,39148.90625,0.9161999821662904,185.05999755859366,76.3499984741211,32942.30859375,4203.91015625,25.9882
13,7,39113.21484375,0.9161999821662904,185.05999755859366,76.3499984741211,32942.30859375,4203.91015625,23.3115
13,8,39073.140625,0.9161999821662904,185.05999755859366,76.3499984741211,32942.30859375,4203.91015625,23.6075
13,9,38995.26953125,0.9161999821662904,185.05999755859366,76.3499984741211,32942.30859375,4203.91015625,20.0502
13,10,38997.66796875,0.9161999821662904,185.05999755859366,76.3499984741211,32942.30859375,4203.91015625,18.0168
13,11,38785.3984375,0.9161999821662904,185.05999755859366,76.3499984741211,32942.30859375,4203.91015625,13.4637
13,12,38515.81640625,0.9161999821662904,185.05999755859366,76.3499984741211,32942.30859375,4203.91015625,23.8562
13,13,38737.6171875,0.9161999821662904,185.05999755859366,76.3499984741211,32942.30859375,4203.91015625,15.8479
13,14,38852.265625,0.9161999821662904,185.05999755859366,76.3499984741211,32942.30859375,4203.91015625,29.8554
13,15,38989.80078125,0.9161999821662904,185.05999755859366,76.3499984741211,32942.30859375,4203.91015625,22.8612
13,16,38969.84765625,0.9161999821662904,185.05999755859366,76.3499984741211,32942.30859375,4203.91015625,27.2425
13,17,38956.75390625,0.9161999821662904,185.05999755859366,76.3499984741211,32942.30859375,4203.91015625,19.8171
13,18,39002.0546875,0.9161999821662904,185.05999755859366,76.3499984741211,32942.30859375,4203.91015625,23.5258
13,19,38914.6328125,0.9161999821662904,185.05999755859366,76.3499984741211,32942.30859375,4203.91015625,21.4974
13,20,38675.23046875,0.9161999821662904,185.05999755859366,76.3499984741211,32942.30859375,4203.91015625,28.088
13,21,38755.87890625,0.9161999821662904,185.05999755859366,76.3499984741211,32942.30859375,4203.91015625,16.9523
13,22,37822.8515625,0.9161999821662904,185.05999755859366,76.3499984741211,32942.30859375,4203.91015625,31.5516
14,0,37833.2734375,0.9146999716758728,185.05999755859366,76.3499984741211,32942.30859375,4203.91015625,45.532
14,1,38089.11328125,0.9157000184059144,185.05999755859366,76.3499984741211,32942.30859375,4203.91015625,31.2931
14,2,38090.203125,0.9162999987602234,185.05999755859366,76.3499984741211,32942.30859375,4203.91015625,24.8353
14,3,38165.3125,0.916700005531311,185.05999755859366,76.3499984741211,32942.30859375,4203.91015625,39.9131
14,4,38510.171875,0.9157999753952026,185.05999755859366,76.3499984741211,32942.30859375,4203.91015625,27.9118
14,5,38504.80078125,0.916100025177002,185.05999755859366,76.3499984741211,32942.30859375,4203.91015625,30.8164
14,6,38633.83984375,0.9156000018119812,185.05999755859366,76.3499984741211,32942.30859375,4203.91015625,17.1171
14,7,39092.34375,0.9143999814987184,185.05999755859366,76.3499984741211,32942.30859375,4203.91015625,29.0149
14,8,39077.60546875,0.9124000072479248,185.05999755859366,76.3499984741211,32942.30859375,4203.91015625,12.5477
14,9,39206.26953125,0.9101999998092652,185.05999755859366,76.3499984741211,32942.30859375,4203.91015625,16.0557
14,10,39096.5625,0.9121000170707704,185.05999755859366,76.3499984741211,32942.30859375,4203.91015625,35.3018
14,11,38947.7734375,0.913699984550476,185.05999755859366,76.3499984741211,32942.30859375,4203.91015625,37.9261
14,12,38822.4140625,0.912500023841858,185.05999755859366,76.3499984741211,32942.30859375,4203.91015625,-4.9152000000000005
14,13,38856.953125,0.9136000275611876,182.92999267578125,72.47000122070312,33253.41015625,4230.830078125,27.4499
14,14,39001.42578125,0.9117000102996826,182.6499938964844,72.08000183105469,33291.78125,4225.68994140625,21.5424
14,15,38940.37109375,0.9103999733924866,182.6999969482422,72.41999816894531,33159.69921875,4200.89990234375,17.3486
14,16,38880.078125,0.9110999703407288,182.7700042724609,72.87000274658203,32998.51953125,4176.8798828125,17.013
14,17,38750.98046875,0.9108999967575072,182.52999877929688,72.91500091552734,32825.80859375,4162.22021484375,17.2883
14,18,38703.43359375,0.9121999740600586,182.25,72.12999725341797,32965.078125,4175.06982421875,20.1566
14,19,38798.7421875,0.912999987602234,182.3000030517578,72.83999633789062,32939.28125,4172.27001953125,15.160499999999999
14,20,38757.68359375,0.9138000011444092,182.3000030517578,72.83999633789062,32939.28125,4172.27001953125,27.9724
14,21,38737.03125,0.9132999777793884,182.3000030517578,72.83999633789062,32939.28125,4172.27001953125,12.573
14,22,39393.640625,0.9142000079154968,182.3000030517578,72.83999633789062,32939.28125,4172.27001953125,21.366500000000002
15,0,39541.515625,0.912999987602234,182.3000030517578,72.83999633789062,32939.28125,4172.27001953125,44.9576
15,1,38871.92578125,0.9126999974250792,182.3000030517578,72.83999633789062,32939.28125,4172.27001953125,28.0635
15,2,39006.9921875,0.9110999703407288,182.3000030517578,72.83999633789062,32939.28125,4172.27001953125,19.8775
15,3,38792.34375,0.9104999899864196,182.3000030517578,72.83999633789062,32939.28125,4172.27001953125,3.7144999999999997
15,4,38788.74609375,0.9103000164031982,182.3000030517578,72.83999633789062,32939.28125,4172.27001953125,26.6519
15,5,38775.0390625,0.9103999733924866,182.3000030517578,72.83999633789062,32939.28125,4172.27001953125,19.3836
15,6,38786.25,0.9108999967575072,182.3000030517578,72.83999633789062,32939.28125,4172.27001953125,21.2117
15,7,38420.88671875,0.9085999727249146,182.3000030517578,72.83999633789062,32939.28125,4172.27001953125,21.0405
15,8,38401.234375,0.9085999727249146,182.3000030517578,72.83999633789062,32939.28125,4172.27001953125,31.026
15,9,38556.1015625,0.9085000157356262,182.3000030517578,72.83999633789062,32939.28125,4172.27001953125,18.1019
15,10,38667.34375,0.9090999960899352,182.3000030517578,72.83999633789062,32939.28125,4172.27001953125,18.2505
15,11,38656.69921875,0.910099983215332,182.3000030517578,72.83999633789062,32939.28125,4172.27001953125,24.539
15,12,38830.9140625,0.909500002861023,182.3000030517578,72.83999633789062,32939.28125,4172.27001953125,26.8372
15,13,38704.05078125,0.9092000126838684,178.3719024658203,68.2699966430664,33236.1796875,4219.830078125,25.7962
15,14,39058.359375,0.9101999998092652,179.05999755859375,68.16000366210938,33299.76171875,4234.5400390625,28.2337
15,15,39004.40625,0.9110999703407288,179.67999267578125,70.01000213623047,33414.19921875,4243.77978515625,22.9935
15,16,39182.32421875,0.9128000140190125,179.9199981689453,69.44999694824219,33305.76953125,4225.2099609375,19.8561
15,17,39294.91796875,0.9138000011444092,179.4199981689453,69.31999969482422,33296.05859375,4224.31005859375,23.1458
15,18,39314.21875,0.9138000011444092,179.14999389648438,68.97000122070312,33564.3515625,4261.0498046875,23.3151
15,19,39676.90625,0.9128000140190125,178.9199981689453,68.58999633789062,33548.359375,4262.66015625,18.9432
15,20,39444.18359375,0.9126999974250792,178.9199981689453,68.58999633789062,33548.359375,4262.66015625,20.3953
15,21,39615.1484375,0.912999987602234,178.9199981689453,68.58999633789062,33548.359375,4262.66015625,15.2472
15,22,39493.7265625,0.9117000102996826,178.9199981689453,68.58999633789062,33548.359375,4262.66015625,23.0529
16,0,39186.69921875,0.912500023841858,178.9199981689453,68.58999633789062,33548.359375,4262.66015625,49.181
16,1,39457.90625,0.9115999937057496,178.9199981689453,68.58999633789062,33548.359375,4262.66015625,40.1027
16,2,40817.8203125,0.911199986934662,178.9199981689453,68.58999633789062,33548.359375,4262.66015625,27.5178
16,3,39178.5703125,0.911199986934662,178.9199981689453,68.58999633789062,33548.359375,4262.66015625,30.677599999999998
16,4,39154.7734375,0.9114999771118164,178.9199981689453,68.58999633789062,33548.359375,4262.66015625,39.5168
16,5,39274.28125,0.9103999733924866,178.9199981689453,68.58999633789062,33548.359375,4262.66015625,30.5167
16,6,39529.94921875,0.9104999899864196,178.9199981689453,68.58999633789062,33548.359375,4262.66015625,37.1143
16,7,39551.375,0.9124000072479248,178.9199981689453,68.58999633789062,33548.359375,4262.66015625,26.7073
16,8,40300.359375,0.909500002861023,178.9199981689453,68.58999633789062,33548.359375,4262.66015625,23.0182
16,9,40478.26953125,0.9100000262260436,178.9199981689453,68.58999633789062,33548.359375,4262.66015625,23.7927
16,10,40323.36328125,0.9089999794960022,178.9199981689453,68.58999633789062,33548.359375,4262.66015625,23.3945
16,11,40532.5,0.907800018787384,178.9199981689453,68.58999633789062,33548.359375,4262.66015625,16.3833
16,12,40406.125,0.909600019454956,178.9199981689453,68.58999633789062,33548.359375,4262.66015625,31.8867
16,13,40546.05859375,0.908900022506714,178.19000244140625,69.05000305175781,33986.0390625,4338.7900390625,18.1008
16,14,40767.11328125,0.9074000120162964,178.6239013671875,69.41999816894531,33934.21875,4332.5,22.9983
16,15,40654.71484375,0.909500002861023,178.20989990234375,69.7699966430664,33944.78125,4332.85986328125,24.0353
16,16,40307.83984375,0.9086999893188475,178.2050018310547,68.66000366210938,33794.671875,4309.56005859375,26.319
16,17,40333.640625,0.9100000262260436,177.7100067138672,68.18000030517578,33507.37109375,4267.5498046875,21.97
16,18,39994.984375,0.9085000157356262,179.11000061035156,68.58999633789062,33889.69921875,4333.18017578125,18.5889
16,19,40800.25,0.9049999713897704,180.00999450683594,68.2699966430664,34065.44140625,4358.35986328125,19.3961
16,20,41220.7421875,0.9059000015258788,180.00999450683594,68.2699966430664,34065.44140625,4358.35986328125,21.576900000000002
16,21,41103.1171875,0.9060999751091005,180.00999450683594,68.2699966430664,34065.44140625,4358.35986328125,18.7606
16,22,40937.1015625,0.9072999954223632,180.00999450683594,68.2699966430664,34065.44140625,4358.35986328125,20.2512
17,0,40996.515625,0.9042999744415284,180.00999450683594,68.2699966430664,34065.44140625,4358.35986328125,52.4146
17,1,41118.453125,0.9059000015258788,180.00999450683594,68.2699966430664,34065.44140625,4358.35986328125,19.0021
17,2,41100.828125,0.9053999781608582,180.00999450683594,68.2699966430664,34065.44140625,4358.35986328125,24.7913
17,3,41033.421875,0.9057000279426576,180.00999450683594,68.2699966430664,34065.44140625,4358.35986328125,24.8017
17,4,41212.37109375,0.9060999751091005,180.00999450683594,68.2699966430664,34065.44140625,4358.35986328125,25.1913
17,5,41079.81640625,0.9067999720573424,180.00999450683594,68.2699966430664,34065.44140625,4358.35986328125,23.2614
17,6,40804.2578125,0.9059000015258788,180.00999450683594,68.2699966430664,34065.44140625,4358.35986328125,13.2994
17,7,40738.75390625,0.9050999879837036,180.00999450683594,68.2699966430664,34065.44140625,4358.35986328125,21.2899
17,8,40841.125,0.9042999744415284,180.00999450683594,68.2699966430664,34065.44140625,4358.35986328125,24.1256
17,9,40799.578125,0.9042999744415284,180.00999450683594,68.2699966430664,34065.44140625,4358.35986328125,26.8414
17,10,40726.73828125,0.9049999713897704,180.00999450683594,68.2699966430664,34065.44140625,4358.35986328125,20.5537
17,11,40750.953125,0.9045000076293944,180.00999450683594,68.2699966430664,34065.44140625,4358.35986328125,21.0287
17,12,40974.98046875,0.9049999713897704,180.00999450683594,68.2699966430664,34065.44140625,4358.35986328125,21.809
17,13,41003.62890625,0.9032999873161316,181.7400054931641,72.94000244140625,34118.46875,4367.27001953125,23.4877
17,14,40866.390625,0.9021999835968018,181.9149932861328,73.37999725341797,34013.828125,4357.97998046875,31.5262
17,15,40861.69921875,0.8999999761581421,181.4199981689453,73.6500015258789,34213.76953125,4378.2998046875,23.891
17,16,40799.72265625,0.8980000019073486,181.3300018310547,73.43000030517578,34299.640625,4390.259765625,33.8156
17,17,40824.4453125,0.8985000252723694,181.1600036621093,73.81999969482422,34286.48828125,4386.5498046875,33.6376
17,18,40797.62109375,0.9004999995231628,180.9900054931641,74.04499816894531,34330.71875,4394.2998046875,23.983999999999998
17,19,40820.62109375,0.9006999731063843,180.8500061035156,73.69000244140625,34466.3984375,4410.35986328125,19.7679
17,20,40736.10546875,0.901199996471405,180.8500061035156,73.69000244140625,34466.3984375,4410.35986328125,29.0133
17,21,40899.59765625,0.901300013065338,180.8500061035156,73.69000244140625,34466.3984375,4410.35986328125,23.4938
17,22,40962.265625,0.901199996471405,180.8500061035156,73.69000244140625,34466.3984375,4410.35986328125,19.4138
18,0,40606.94140625,0.9006999731063843,180.8500061035156,73.69000244140625,34466.3984375,4410.35986328125,41.705600000000004
18,1,40553.8671875,0.9014999866485596,180.8500061035156,73.69000244140625,34466.3984375,4410.35986328125,29.8302
18,2,40554.78125,0.901799976825714,180.8500061035156,73.69000244140625,34466.3984375,4410.35986328125,25.9113
18,3,40548.91796875,0.9017000198364258,180.8500061035156,73.69000244140625,34466.3984375,4410.35986328125,35.0655
18,4,40618.8203125,0.9024999737739564,180.8500061035156,73.69000244140625,34466.3984375,4410.35986328125,20.139
18,5,40782.5078125,0.9020000100135804,180.8500061035156,73.69000244140625,34466.3984375,4410.35986328125,29.7039
18,6,40759.2421875,0.9020000100135804,180.8500061035156,73.69000244140625,34466.3984375,4410.35986328125,29.5246
18,7,40625.81640625,0.902400016784668,180.8500061035156,73.69000244140625,34466.3984375,4410.35986328125,27.1479
18,8,40590.77734375,0.9032999873161316,180.8500061035156,73.69000244140625,34466.3984375,4410.35986328125,29.943
18,9,40551.171875,0.9038000106811525,180.8500061035156,73.69000244140625,34466.3984375,4410.35986328125,27.8905
18,10,40452.6171875,0.9056000113487244,180.8500061035156,73.69000244140625,34466.3984375,4410.35986328125,14.9921
18,11,40447.09375,0.9070000052452089,180.8500061035156,73.69000244140625,34466.3984375,4410.35986328125,27.1008
18,12,40491.83984375,0.9071999788284302,180.8500061035156,73.69000244140625,34466.3984375,4410.35986328125,17.5166
18,13,40553.0078125,0.9067000150680542,180.3600006103516,74.26000213623047,34373.69921875,4414.6298828125,12.1251
18,14,40593.3671875,0.9064000248908995,180.6499938964844,73.91999816894531,34349.25,4414.759765625,26.2888
18,15,40879.46875,0.9047999978065492,180.24009704589844,74.44139862060547,34442.53125,4426.77978515625,15.4657
18,16,41390.8515625,0.9038000106811525,180.0399932861328,74.77999877929688,34559.078125,4439.72998046875,24.5809
18,17,41571.73046875,0.9036999940872192,179.918701171875,74.75,34540.44921875,4438.58984375,21.5494
18,18,41701.421875,0.9045000076293944,179.24000549316406,74.72000122070312,34674.640625,4457.3701171875,20.5973
18,19,41894.2734375,0.9045000076293944,179.25999450683594,74.6500015258789,34737.01953125,4462.85009765625,11.5062
18,20,41854.5234375,0.904699981212616,179.25999450683594,74.6500015258789,34737.01953125,4462.85009765625,12.4375
18,21,41809.36328125,0.9041000008583068,179.25999450683594,74.6500015258789,34737.01953125,4462.85009765625,34.7012
18,22,41749.296875,0.9041000008583068,179.25999450683594,74.6500015258789,34737.01953125,4462.85009765625,20.6138
19,0,41898.99609375,0.9041000008583068,179.25999450683594,74.6500015258789,34737.01953125,4462.85009765625,51.289
19,1,41763.0703125,0.9041000008583068,179.25999450683594,74.6500015258789,34737.01953125,4462.85009765625,23.026899999999998
19,2,41769.2734375,0.9041000008583068,179.25999450683594,74.6500015258789,34737.01953125,4462.85009765625,24.5526
19,3,41769.140625,0.9041000008583068,179.25999450683594,74.6500015258789,34737.01953125,4462.85009765625,31.3265
19,4,41803.16796875,0.9041000008583068,179.25999450683594,74.6500015258789,34737.01953125,4462.85009765625,23.2512
19,5,41752.93359375,0.9041000008583068,179.25999450683594,74.6500015258789,34737.01953125,4462.85009765625,29.1582
19,6,41767.14453125,0.9041000008583068,179.25999450683594,74.6500015258789,34737.01953125,4462.85009765625,20.0755
19,7,41618.12890625,0.9041000008583068,179.25999450683594,74.6500015258789,34737.01953125,4462.85009765625,29.8116
19,8,41712.32421875,0.9041000008583068,179.25999450683594,74.6500015258789,34737.01953125,4462.85009765625,22.2347
19,9,41688.9375,0.9041000008583068,179.25999450683594,74.6500015258789,34737.01953125,4462.85009765625,16.7655
19,10,41706.421875,0.9041000008583068,179.25999450683594,74.6500015258789,34737.01953125,4462.85009765625,16.6273
19,11,41731.34375,0.9041000008583068,179.25999450683594,74.6500015258789,34737.01953125,4462.85009765625,25.5093
19,12,41831.03515625,0.9041000008583068,179.25999450683594,74.6500015258789,34737.01953125,4462.85009765625,26.5108
19,13,41759.296875,0.9041000008583068,179.25999450683594,74.6500015258789,34737.01953125,4462.85009765625,30.9086
19,14,41828.1171875,0.9041000008583068,179.25999450683594,74.6500015258789,34737.01953125,4462.85009765625,29.3392
19,15,41981.56640625,0.9041000008583068,179.25999450683594,74.6500015258789,34737.01953125,4462.85009765625,29.7988
19,16,42006.85546875,0.9041000008583068,179.25999450683594,74.6500015258789,34737.01953125,4462.85009765625,25.3011
19,17,41891.91796875,0.9041000008583068,179.25999450683594,74.6500015258789,34737.01953125,4462.85009765625,24.4323
19,18,41994.4140625,0.9041000008583068,179.25999450683594,74.6500015258789,34737.01953125,4462.85009765625,18.1964
19,19,42042.03125,0.9041000008583068,179.25999450683594,74.6500015258789,34737.01953125,4462.85009765625,25.5982
19,20,42255.3359375,0.9041000008583068,179.25999450683594,74.6500015258789,34737.01953125,4462.85009765625,18.0145
19,21,42180.484375,0.9041000008583068,179.25999450683594,74.6500015258789,34737.01953125,4462.85009765625,24.995
19,22,41954.71875,0.9041000008583068,179.25999450683594,74.6500015258789,34737.01953125,4462.85009765625,31.843700000000002
20,0,42014.44140625,0.9041000008583068,179.25999450683594,74.6500015258789,34737.01953125,4462.85009765625,48.6094
20,1,41942.390625,0.9041000008583068,179.25999450683594,74.6500015258789,34737.01953125,4462.85009765625,28.9478
20,2,41849.640625,0.9041000008583068,179.25999450683594,74.6500015258789,34737.01953125,4462.85009765625,33.07
20,3,41940.75,0.9041000008583068,179.25999450683594,74.6500015258789,34737.01953125,4462.85009765625,30.9199
20,4,41876.76171875,0.9041000008583068,179.25999450683594,74.6500015258789,34737.01953125,4462.85009765625,32.0539
20,5,41899.88671875,0.9041000008583068,179.25999450683594,74.6500015258789,34737.01953125,4462.85009765625,31.8322
20,6,41923.27734375,0.9041000008583068,179.25999450683594,74.6500015258789,34737.01953125,4462.85009765625,30.3978
20,7,41850.11328125,0.9041000008583068,179.25999450683594,74.6500015258789,34737.01953125,4462.85009765625,24.4647
20,8,41895.72265625,0.9041000008583068,179.25999450683594,74.6500015258789,34737.01953125,4462.85009765625,27.7573
20,9,41769.6875,0.9041000008583068,179.25999450683594,74.6500015258789,34737.01953125,4462.85009765625,19.8007
20,10,41781.16015625,0.9041000008583068,179.25999450683594,74.6500015258789,34737.01953125,4462.85009765625,26.0974
20,11,41652.20703125,0.9041000008583068,179.25999450683594,74.6500015258789,34737.01953125,4462.85009765625,32.4461
20,12,41664.1953125,0.9041000008583068,179.25999450683594,74.6500015258789,34737.01953125,4462.85009765625,22.4837
20,13,41512.84375,0.9041000008583068,179.25999450683594,74.6500015258789,34737.01953125,4462.85009765625,30.5203
20,14,41414.7421875,0.9041000008583068,179.25999450683594,74.6500015258789,34737.01953125,4462.85009765625,21.3974
20,15,41386.79296875,0.9041000008583068,179.25999450683594,74.6500015258789,34737.01953125,4462.85009765625,27.2816
20,16,41314.69921875,0.9041000008583068,179.25999450683594,74.6500015258789,34737.01953125,4462.85009765625,26.245
20,17,41010.71875,0.9041000008583068,179.25999450683594,74.6500015258789,34737.01953125,4462.85009765625,20.3345
20,18,41194.25390625,0.9041000008583068,179.25999450683594,74.6500015258789,34737.01953125,4462.85009765625,21.7389
20,19,41366.05078125,0.9041000008583068,179.25999450683594,74.6500015258789,34737.01953125,4462.85009765625,16.871299999999998
20,20,41351.43359375,0.9041000008583068,179.25999450683594,74.6500015258789,34737.01953125,4462.85009765625,20.4603
20,21,41349.0234375,0.9041000008583068,179.25999450683594,74.6500015258789,34737.01953125,4462.85009765625,25.34
20,22,41327.15625,0.9041000008583068,179.25999450683594,74.6500015258789,34737.01953125,4462.85009765625,14.863199999999999
21,0,41370.25,0.9049999713897704,179.25999450683594,74.6500015258789,34737.01953125,4462.85009765625,38.281600000000005
21,1,41228.60546875,0.9050999879837036,179.25999450683594,74.6500015258789,34737.01953125,4462.85009765625,24.2486
21,2,40789.12109375,0.904699981212616,179.25999450683594,74.6500015258789,34737.01953125,4462.85009765625,26.5589
21,3,40867.31640625,0.9050999879837036,179.25999450683594,74.6500015258789,34737.01953125,4462.85009765625,21.5264
21,4,40894.671875,0.9053999781608582,179.25999450683594,74.6500015258789,34737.01953125,4462.85009765625,29.96
21,5,40949.4140625,0.9050999879837036,179.25999450683594,74.6500015258789,34737.01953125,4462.85009765625,14.1824
21,6,40901.6328125,0.9057999849319458,179.25999450683594,74.6500015258789,34737.01953125,4462.85009765625,21.8394
21,7,41098.65234375,0.904699981212616,179.25999450683594,74.6500015258789,34737.01953125,4462.85009765625,26.7556
21,8,41205.28125,0.9041000008583068,179.25999450683594,74.6500015258789,34737.01953125,4462.85009765625,28.3408
21,9,41286.7578125,0.9039000272750854,179.25999450683594,74.6500015258789,34737.01953125,4462.85009765625,29.5331
21,10,41345.93359375,0.9047999978065492,179.25999450683594,74.6500015258789,34737.01953125,4462.85009765625,23.6512
21,11,41272.58203125,0.9059000015258788,179.25999450683594,74.6500015258789,34737.01953125,4462.85009765625,25.1019
21,12,41190.1953125,0.9060999751091005,179.25999450683594,74.6500015258789,34737.01953125,4462.85009765625,27.147
21,13,41224.77734375,0.9060999751091005,180.6300048828125,78.61000061035156,34573.3203125,4446.72998046875,34.6169
21,14,40984.734375,0.9053999781608582,180.5200042724609,77.93370056152344,34617.6484375,4472.1201171875,28.7105
21,15,41199.76953125,0.9052000045776368,180.75,78.66010284423828,34628.78125,4471.68994140625,23.9304
21,16,40891.4453125,0.9053999781608582,180.0800018310547,78.2699966430664,34387.390625,4430.31982421875,30.7718
21,17,41036.81640625,0.9064000248908995,180.3999938964844,79.06999969482422,34499.5,4451.97998046875,26.3791
21,18,41000.5859375,0.9075000286102296,180.7899932861328,79.52999877929688,34492.0,4451.2998046875,31.3557
21,19,41134.28515625,0.9077000021934508,180.6499938964844,79.5199966430664,34557.1796875,4461.4599609375,24.5205
21,20,41205.109375,0.9075999855995178,180.6499938964844,79.5199966430664,34557.1796875,4461.4599609375,32.5057
21,21,41287.16796875,0.9072999954223632,180.6499938964844,79.5199966430664,34557.1796875,4461.4599609375,19.6499
21,22,41185.09375,0.9070000052452089,180.6499938964844,79.5199966430664,34557.1796875,4461.4599609375,22.8222
22,0,41142.4296875,0.9099000096321106,180.6499938964844,79.5199966430664,34557.1796875,4461.4599609375,42.3046
22,1,41162.98046875,0.9093000292778016,180.6499938964844,79.5199966430664,34557.1796875,4461.4599609375,18.7807
22,2,41873.6015625,0.9086999893188475,180.6499938964844,79.5199966430664,34557.1796875,4461.4599609375,24.8565
22,3,42237.3203125,0.9083999991416932,180.6499938964844,79.5199966430664,34557.1796875,4461.4599609375,25.7068
22,4,42985.12890625,0.9099000096321106,180.6499938964844,79.5199966430664,34557.1796875,4461.4599609375,30.7434
22,5,42869.37890625,0.9103000164031982,180.6499938964844,79.5199966430664,34557.1796875,4461.4599609375,22.389
22,6,42166.76171875,0.9114999771118164,180.6499938964844,79.5199966430664,34557.1796875,4461.4599609375,19.8544
22,7,42248.97265625,0.9103000164031982,180.6499938964844,79.5199966430664,34557.1796875,4461.4599609375,25.0622
22,8,42505.875,0.9082000255584716,180.6499938964844,79.5199966430664,34557.1796875,4461.4599609375,21.0813
22,9,42499.8828125,0.9092000126838684,180.6499938964844,79.5199966430664,34557.1796875,4461.4599609375,21.1578
22,10,42825.9375,0.9086999893188475,180.6499938964844,79.5199966430664,34557.1796875,4461.4599609375,23.0418
22,11,42930.4765625,0.9090999960899352,180.6499938964844,79.5199966430664,34557.1796875,4461.4599609375,25.6055
22,12,42886.25390625,0.9075000286102296,180.6499938964844,79.5199966430664,34557.1796875,4461.4599609375,28.3529
22,13,42779.81640625,0.9057000279426576,178.57000732421875,78.01499938964844,34798.23046875,4502.35009765625,24.7815
22,14,42815.90625,0.9059000015258788,178.60000610351562,78.05000305175781,34781.19140625,4511.31982421875,28.5928
22,15,42638.1875,0.9070000052452089,179.41000366210938,78.16500091552734,34754.01171875,4498.68017578125,30.4101
22,16,42540.88671875,0.9075000286102296,179.35000610351562,79.40499877929688,34827.80859375,4507.4501953125,17.815
22,17,42579.79296875,0.9067000150680542,179.4600067138672,78.83999633789062,34751.69921875,4503.2900390625,24.587400000000002
22,18,42575.6015625,0.9070000052452089,179.44000244140625,78.44999694824219,34778.12890625,4507.72998046875,21.5541
22,19,42382.0,0.9063000082969666,179.36000061035156,78.58000183105469,34817.83984375,4512.56005859375,22.093
22,20,42588.43359375,0.906000018119812,179.36000061035156,78.58000183105469,34817.83984375,4512.56005859375,14.0554
22,21,42789.40234375,0.9064000248908995,179.36000061035156,78.58000183105469,34817.83984375,4512.56005859375,20.9467
22,22,42520.95703125,0.9057999849319458,179.36000061035156,78.58000183105469,34817.83984375,4512.56005859375,29.741600000000002
23,0,42410.6640625,0.9067000150680542,179.36000061035156,78.58000183105469,34817.83984375,4512.56005859375,52.265
23,1,42318.59765625,0.9067000150680542,179.36000061035156,78.58000183105469,34817.83984375,4512.56005859375,34.914
23,2,42371.9609375,0.9063000082969666,179.36000061035156,78.58000183105469,34817.83984375,4512.56005859375,31.9148
23,3,42139.06640625,0.9065999984741212,179.36000061035156,78.58000183105469,34817.83984375,4512.56005859375,35.7071
23,4,41949.66796875,0.906499981880188,179.36000061035156,78.58000183105469,34817.83984375,4512.56005859375,31.7935
23,5,42060.94140625,0.9054999947547911,179.36000061035156,78.58000183105469,34817.83984375,4512.56005859375,28.5621
23,6,42225.6953125,0.9063000082969666,179.36000061035156,78.58000183105469,34817.83984375,4512.56005859375,36.1652
23,7,42115.359375,0.9075999855995178,179.36000061035156,78.58000183105469,34817.83984375,4512.56005859375,22.3493
23,8,42275.1484375,0.9075000286102296,179.36000061035156,78.58000183105469,34817.83984375,4512.56005859375,37.6632
23,9,42167.8359375,0.908900022506714,179.36000061035156,78.58000183105469,34817.83984375,4512.56005859375,30.2339
23,10,42205.69921875,0.9088000059127808,179.36000061035156,78.58000183105469,34817.83984375,4512.56005859375,22.3252
23,11,42056.05078125,0.9101999998092652,179.36000061035156,78.58000183105469,34817.83984375,4512.56005859375,32.5278
23,12,42334.3984375,0.9099000096321106,179.36000061035156,78.58000183105469,34817.83984375,4512.56005859375,28.7315
23,13,42077.23046875,0.9117000102996826,180.1688995361328,81.34539794921875,34599.80859375,4491.9501953125,21.1987
23,14,42315.92578125,0.9104999899864196,180.25999450683602,82.16089630126953,34570.140625,4497.06005859375,23.6762
23,15,42649.20703125,0.9085000157356262,180.42999267578125,81.94999694824219,34525.19921875,4490.009765625,30.2928
23,16,42540.74609375,0.9085999727249146,180.8000030517578,81.68000030517578,34408.05078125,4467.31982421875,24.5128
23,17,42132.77734375,0.90829998254776,180.94000244140625,82.2699966430664,34476.87890625,4475.2099609375,18.4317
23,18,42146.3984375,0.9079999923706056,181.2850036621093,82.22000122070312,34479.46875,4473.97021484375,15.2296
23,19,42276.53125,0.90829998254776,181.7400054931641,81.91999816894531,34356.16015625,4456.18017578125,21.7967
23,20,42335.9921875,0.9081000089645386,181.7400054931641,81.91999816894531,34356.16015625,4456.18017578125,19.9302
23,21,42397.68359375,0.907800018787384,181.7400054931641,81.91999816894531,34356.16015625,4456.18017578125,21.4052
23,22,42504.6328125,0.9085999727249146,181.7400054931641,81.91999816894531,34356.16015625,4456.18017578125,25.0059
24,0,43081.45703125,0.9085999727249146,181.7400054931641,81.91999816894531,34356.16015625,4456.18017578125,52.0204
24,1,42838.61328125,0.9097999930381776,181.7400054931641,81.91999816894531,34356.16015625,4456.18017578125,24.233999999999998
24,2,42923.28515625,0.910099983215332,181.7400054931641,81.91999816894531,34356.16015625,4456.18017578125,21.0597
24,3,42744.7734375,0.910099983215332,181.7400054931641,81.91999816894531,34356.16015625,4456.18017578125,29.3045
24,4,42912.3515625,0.9100000262260436,181.7400054931641,81.91999816894531,34356.16015625,4456.18017578125,21.9712
24,5,42979.41796875,0.910700023174286,181.7400054931641,81.91999816894531,34356.16015625,4456.18017578125,22.6886
24,6,43159.8828125,0.909500002861023,181.7400054931641,81.91999816894531,34356.16015625,4456.18017578125,27.1525
24,7,43111.86328125,0.9104999899864196,181.7400054931641,81.91999816894531,34356.16015625,4456.18017578125,31.0289
24,8,43091.0234375,0.9104999899864196,181.7400054931641,81.91999816894531,34356.16015625,4456.18017578125,26.4253
24,9,43047.96484375,0.909600019454956,181.7400054931641,81.91999816894531,34356.16015625,4456.18017578125,23.4864
24,10,43035.5703125,0.9097999930381776,181.7400054931641,81.91999816894531,34356.16015625,4456.18017578125,27.1099
24,11,42959.1328125,0.9097999930381776,181.7400054931641,81.91999816894531,34356.16015625,4456.18017578125,18.7507
24,12,42824.31640625,0.9103999733924866,181.7400054931641,81.91999816894531,34356.16015625,4456.18017578125,22.1516
24,13,42992.0625,0.9110000133514404,182.97000122070312,80.63999938964844,34493.05078125,4471.43017578125,26.3375
24,14,43375.08984375,0.9090999960899352,183.0200042724609,80.88999938964844,34589.96875,4498.31005859375,21.3583
24,15,43894.34375,0.9082000255584716,183.4315948486328,80.66999816894531,34532.6484375,4488.990234375,20.205000000000002
24,16,43991.21484375,0.9099000096321106,183.12750244140625,81.04000091552734,34591.58984375,4498.16015625,27.0862
24,17,43906.50390625,0.9093999862670898,183.2350006103516,80.30999755859375,34599.16015625,4497.66015625,17.069
24,18,43977.7265625,0.9088000059127808,183.1499938964844,79.80000305175781,34687.6484375,4512.39990234375,14.9703
24,19,43941.359375,0.908900022506714,183.1100006103516,79.80000305175781,34703.2890625,4520.02001953125,21.657
24,20,43874.69921875,0.9089999794960022,183.1100006103516,79.80000305175781,34703.2890625,4520.02001953125,16.7535
24,21,44002.0234375,0.9085999727249146,183.1100006103516,79.80000305175781,34703.2890625,4520.02001953125,21.0905
24,22,43954.98828125,0.9083999991416932,183.1100006103516,79.80000305175781,34703.2890625,4520.02001953125,23.3115
25,0,43964.36328125,0.9081000089645386,183.1100006103516,79.80000305175781,34703.2890625,4520.02001953125,32.7124
25,1,44158.64453125,0.9061999917030334,183.1100006103516,79.80000305175781,34703.2890625,4520.02001953125,26.2029
25,2,43934.80078125,0.9064000248908995,183.1100006103516,79.80000305175781,34703.2890625,4520.02001953125,17.5719
25,3,43949.9375,0.906499981880188,183.1100006103516,79.80000305175781,34703.2890625,4520.02001953125,19.4343
25,4,44036.0234375,0.9063000082969666,183.1100006103516,79.80000305175781,34703.2890625,4520.02001953125,18.5702
25,5,44057.64453125,0.906499981880188,183.1100006103516,79.80000305175781,34703.2890625,4520.02001953125,26.7834
25,6,44086.27734375,0.9065999984741212,183.1100006103516,79.80000305175781,34703.2890625,4520.02001953125,19.1269
25,7,43949.03125,0.9068999886512756,183.1100006103516,79.80000305175781,34703.2890625,4520.02001953125,13.7141
25,8,43973.58984375,0.9075999855995178,183.1100006103516,79.80000305175781,34703.2890625,4520.02001953125,18.6426
25,9,44139.44921875,0.9083999991416932,183.1100006103516,79.80000305175781,34703.2890625,4520.02001953125,26.9528
25,10,44224.71484375,0.9077000021934508,183.1100006103516,79.80000305175781,34703.2890625,4520.02001953125,20.4056
25,11,44602.3046875,0.9074000120162964,183.1100006103516,79.80000305175781,34703.2890625,4520.02001953125,20.342
25,12,44822.9296875,0.9085000157356262,183.1100006103516,79.80000305175781,34703.2890625,4520.02001953125,13.4402
25,13,44936.859375,0.9081000089645386,182.2250061035156,78.81999969482422,34899.890625,4534.8701171875,18.4651
25,14,44841.76171875,0.9071999788284302,182.8000030517578,81.00990295410156,34666.5703125,4506.7099609375,19.9091
25,15,44248.2734375,0.9101999998092652,182.6300048828125,81.20999908447266,34730.48828125,4518.52978515625,23.0337
25,16,44203.53125,0.9099000096321106,182.38499450683602,80.63999938964844,34694.87890625,4515.9501953125,21.2672
25,17,44262.18359375,0.909500002861023,182.4100036621093,81.6404037475586,34789.0390625,4533.5400390625,15.9465
25,18,44460.203125,0.9100000262260436,182.50999450683602,81.01000213623047,34678.9609375,4517.2001953125,15.5838
25,19,44392.8125,0.9101999998092652,182.38999938964844,80.76000213623047,34857.3203125,4543.0498046875,16.1479
25,20,44509.0625,0.9104999899864196,182.38999938964844,80.76000213623047,34857.3203125,4543.0498046875,14.4069
25,21,44515.828125,0.9101999998092652,182.38999938964844,80.76000213623047,34857.3203125,4543.0498046875,16.2119
25,22,44349.0625,0.9101999998092652,182.38999938964844,80.76000213623047,34857.3203125,4543.0498046875,21.5016
26,0,44221.04296875,0.9101999998092652,182.38999938964844,80.76000213623047,34857.3203125,4543.0498046875,132.6964
26,1,44288.54296875,0.9101999998092652,182.38999938964844,80.76000213623047,34857.3203125,4543.0498046875,54.3086
26,2,44257.609375,0.9101999998092652,182.38999938964844,80.76000213623047,34857.3203125,4543.0498046875,36.2564
26,3,44403.7734375,0.9101999998092652,182.38999938964844,80.76000213623047,34857.3203125,4543.0498046875,45.7903
26,4,44432.17578125,0.9101999998092652,182.38999938964844,80.76000213623047,34857.3203125,4543.0498046875,34.6122
26,5,44488.51953125,0.9101999998092652,182.38999938964844,80.76000213623047,34857.3203125,4543.0498046875,58.5926
26,6,44426.85546875,0.9101999998092652,182.38999938964844,80.76000213623047,34857.3203125,4543.0498046875,33.4096
26,7,44531.28125,0.9101999998092652,182.38999938964844,80.76000213623047,34857.3203125,4543.0498046875,50.3114
26,8,44496.7890625,0.9101999998092652,182.38999938964844,80.76000213623047,34857.3203125,4543.0498046875,44.9632
26,9,44482.78515625,0.9101999998092652,182.38999938964844,80.76000213623047,34857.3203125,4543.0498046875,38.3744
26,10,44440.421875,0.9101999998092652,182.38999938964844,80.76000213623047,34857.3203125,4543.0498046875,44.2094
26,11,44398.9921875,0.9101999998092652,182.38999938964844,80.76000213623047,34857.3203125,4543.0498046875,38.581
26,12,44361.23828125,0.9101999998092652,182.38999938964844,80.76000213623047,34857.3203125,4543.0498046875,46.5174
26,13,44269.16015625,0.9101999998092652,182.38999938964844,80.76000213623047,34857.3203125,4543.0498046875,23.8002
26,14,44230.62109375,0.9101999998092652,182.38999938964844,80.76000213623047,34857.3203125,4543.0498046875,49.635
26,15,44242.546875,0.9101999998092652,182.38999938964844,80.76000213623047,34857.3203125,4543.0498046875,36.1744
26,16,44294.89453125,0.9101999998092652,182.38999938964844,80.76000213623047,34857.3203125,4543.0498046875,44.2588
26,17,44386.9609375,0.9101999998092652,182.38999938964844,80.76000213623047,34857.3203125,4543.0498046875,45.0035
26,18,44440.9375,0.9101999998092652,182.38999938964844,80.76000213623047,34857.3203125,4543.0498046875,38.3292
26,19,44359.55078125,0.9101999998092652,182.38999938964844,80.76000213623047,34857.3203125,4543.0498046875,40.9298
26,20,44601.51953125,0.9101999998092652,182.38999938964844,80.76000213623047,34857.3203125,4543.0498046875,32.1368
26,21,44423.75390625,0.9101999998092652,182.38999938964844,80.76000213623047,34857.3203125,4543.0498046875,39.3834
26,22,44412.5859375,0.9101999998092652,182.38999938964844,80.76000213623047,34857.3203125,4543.0498046875,40.3242
27,0,44695.625,0.9101999998092652,182.38999938964844,80.76000213623047,34857.3203125,4543.0498046875,48.7328
27,1,44688.546875,0.9101999998092652,182.38999938964844,80.76000213623047,34857.3203125,4543.0498046875,20.245
27,2,44704.80859375,0.9101999998092652,182.38999938964844,80.76000213623047,34857.3203125,4543.0498046875,27.9177
27,3,44700.02734375,0.9101999998092652,182.38999938964844,80.76000213623047,34857.3203125,4543.0498046875,16.450400000000002
27,4,44628.80859375,0.9101999998092652,182.38999938964844,80.76000213623047,34857.3203125,4543.0498046875,27.476
27,5,44656.3359375,0.9101999998092652,182.38999938964844,80.76000213623047,34857.3203125,4543.0498046875,26.3397
27,6,44661.12890625,0.9101999998092652,182.38999938964844,80.76000213623047,34857.3203125,4543.0498046875,25.0586
27,7,44720.265625,0.9101999998092652,182.38999938964844,80.76000213623047,34857.3203125,4543.0498046875,13.0939
27,8,44628.07421875,0.9101999998092652,182.38999938964844,80.76000213623047,34857.3203125,4543.0498046875,21.4059
27,9,44583.90234375,0.9101999998092652,182.38999938964844,80.76000213623047,34857.3203125,4543.0498046875,9.615499999999999
27,10,44565.75390625,0.9101999998092652,182.38999938964844,80.76000213623047,34857.3203125,4543.0498046875,20.744600000000002
27,11,44551.10546875,0.9101999998092652,182.38999938964844,80.76000213623047,34857.3203125,4543.0498046875,29.895699999999998
27,12,44449.078125,0.9101999998092652,182.38999938964844,80.76000213623047,34857.3203125,4543.0498046875,28.721
27,13,44609.5625,0.9101999998092652,182.38999938964844,80.76000213623047,34857.3203125,4543.0498046875,19.8583
27,14,44649.95703125,0.9101999998092652,182.38999938964844,80.76000213623047,34857.3203125,4543.0498046875,21.1691
27,15,44836.5859375,0.9101999998092652,182.38999938964844,80.76000213623047,34857.3203125,4543.0498046875,15.3434
27,16,44896.1953125,0.9101999998092652,182.38999938964844,80.76000213623047,34857.3203125,4543.0498046875,19.2593
27,17,44905.53125,0.9101999998092652,182.38999938964844,80.76000213623047,34857.3203125,4543.0498046875,25.9059
27,18,44873.51171875,0.9101999998092652,182.38999938964844,80.76000213623047,34857.3203125,4543.0498046875,21.2025
27,19,44835.3203125,0.9101999998092652,182.38999938964844,80.76000213623047,34857.3203125,4543.0498046875,16.8555
27,20,46079.1171875,0.9101999998092652,182.38999938964844,80.76000213623047,34857.3203125,4543.0498046875,21.987
27,21,46555.03125,0.9101999998092652,182.38999938964844,80.76000213623047,34857.3203125,4543.0498046875,17.5284
27,22,46699.75,0.9101999998092652,182.38999938964844,80.76000213623047,34857.3203125,4543.0498046875,19.6311
28,0,46881.01171875,0.911199986934662,182.38999938964844,80.76000213623047,34857.3203125,4543.0498046875,31.9312
28,1,46807.9609375,0.9125999808311462,182.38999938964844,80.76000213623047,34857.3203125,4543.0498046875,21.5709
28,2,46911.3359375,0.912500023841858,182.38999938964844,80.76000213623047,34857.3203125,4543.0498046875,17.1965
28,3,46993.6796875,0.9125999808311462,182.38999938964844,80.76000213623047,34857.3203125,4543.0498046875,17.6973
28,4,47079.58203125,0.912500023841858,182.38999938964844,80.76000213623047,34857.3203125,4543.0498046875,15.8368
28,5,47112.203125,0.9128999710083008,182.38999938964844,80.76000213623047,34857.3203125,4543.0498046875,19.5471
28,6,46902.2109375,0.9124000072479248,182.38999938964844,80.76000213623047,34857.3203125,4543.0498046875,14.6095
28,7,46967.4765625,0.9128999710083008,182.38999938964844,80.76000213623047,34857.3203125,4543.0498046875,10.4987
28,8,47010.41796875,0.9096999764442444,182.38999938964844,80.76000213623047,34857.3203125,4543.0498046875,36.4447
28,9,47088.60546875,0.9104999899864196,182.38999938964844,80.76000213623047,34857.3203125,4543.0498046875,24.4395
28,10,47163.08203125,0.909500002861023,182.38999938964844,80.76000213623047,34857.3203125,4543.0498046875,26.255
28,11,47216.95703125,0.9118000268936156,182.38999938964844,80.76000213623047,34857.3203125,4543.0498046875,28.8828
28,12,47218.50390625,0.9122999906539916,182.38999938964844,80.76000213623047,34857.3203125,4543.0498046875,25.4205
28,13,47649.015625,0.9114999771118164,180.6699981689453,76.44000244140625,34761.16015625,4544.31005859375,28.8568
28,14,47591.76953125,0.911400020122528,180.8000030517578,76.91000366210938,34688.41015625,4540.240234375,19.485
28,15,47461.51953125,0.9108999967575072,180.8950042724609,77.62999725341797,34593.01953125,4522.4599609375,21.465
28,16,47498.64453125,0.9092000126838684,181.05999755859366,76.68000030517578,34696.9296875,4539.7998046875,18.7396
28,17,47589.7265625,0.910099983215332,180.3999938964844,76.23999786376953,34728.71875,4545.490234375,24.9852
28,18,47912.51953125,0.9096999764442444,179.36000061035156,74.75,34849.19921875,4561.5400390625,15.2655
28,19,47883.2265625,0.9097999930381776,179.07000732421875,74.55000305175781,34955.16015625,4575.4501953125,24.787
28,20,47938.140625,0.9099000096321106,179.07000732421875,74.55000305175781,34955.16015625,4575.4501953125,17.2038
28,21,47603.94921875,0.9100000262260436,179.07000732421875,74.55000305175781,34955.16015625,4575.4501953125,33.0538
28,22,47609.55078125,0.9096999764442444,179.07000732421875,74.55000305175781,34955.16015625,4575.4501953125,27.4569
29,0,47415.1875,0.9110000133514404,179.07000732421875,74.55000305175781,34955.16015625,4575.4501953125,50.5368
29,1,47536.21875,0.909500002861023,179.07000732421875,74.55000305175781,34955.16015625,4575.4501953125,16.974800000000002
29,2,47416.09765625,0.909500002861023,179.07000732421875,74.55000305175781,34955.16015625,4575.4501953125,16.5874
29,3,47343.1171875,0.909500002861023,179.07000732421875,74.55000305175781,34955.16015625,4575.4501953125,12.3784
29,4,47573.83203125,0.9100000262260436,179.07000732421875,74.55000305175781,34955.16015625,4575.4501953125,30.3034
29,5,47639.33203125,0.9097999930381776,179.07000732421875,74.55000305175781,34955.16015625,4575.4501953125,31.4269
29,6,47556.16796875,0.9085000157356262,179.07000732421875,74.55000305175781,34955.16015625,4575.4501953125,24.6464
29,7,47404.03125,0.9088000059127808,179.07000732421875,74.55000305175781,34955.16015625,4575.4501953125,17.7334
29,8,47554.32421875,0.9101999998092652,179.07000732421875,74.55000305175781,34955.16015625,4575.4501953125,23.5657
29,9,47591.1328125,0.9057000279426576,179.07000732421875,74.55000305175781,34955.16015625,4575.4501953125,25.2629
29,10,47598.62890625,0.9050999879837036,179.07000732421875,74.55000305175781,34955.16015625,4575.4501953125,22.0342
29,11,47864.5546875,0.9021999835968018,179.07000732421875,74.55000305175781,34955.16015625,4575.4501953125,17.022199999999998
29,12,47843.13671875,0.8992999792098999,179.07000732421875,74.55000305175781,34955.16015625,4575.4501953125,18.5365
29,13,47687.89453125,0.8981000185012817,178.49000549316406,74.04000091552734,35176.1015625,4603.3798828125,14.8378
29,14,47808.23828125,0.9007999897003174,178.5399932861328,74.93000030517578,35203.25,4609.66015625,22.119699999999998
29,15,47511.125,0.8999000191688538,178.63999938964844,74.72799682617188,35096.69921875,4600.72021484375,30.7863
29,16,47485.94921875,0.9023000001907348,178.6199951171875,75.37310028076172,35062.5703125,4598.6201171875,28.7491
29,17,47449.0703125,0.9024999737739564,178.9600067138672,75.6500015258789,35167.44921875,4614.9501953125,21.3216
29,18,47537.15625,0.901300013065338,179.05999755859375,75.95999908447266,35279.19140625,4631.85009765625,23.942
29,19,47691.63671875,0.9017000198364258,179.1300048828125,76.12999725341797,35291.55859375,4631.64990234375,22.1705
29,20,47416.734375,0.9018999934196472,179.1300048828125,76.12999725341797,35291.55859375,4631.64990234375,17.5337
29,21,47320.80859375,0.901300013065338,179.1300048828125,76.12999725341797,35291.55859375,4631.64990234375,11.6552
29,22,47340.85546875,0.901099979877472,179.1300048828125,76.12999725341797,35291.55859375,4631.64990234375,23.7365
30,0,47221.89453125,0.9009000062942504,179.1300048828125,76.12999725341797,35291.55859375,4631.64990234375,45.2266
30,1,46831.94921875,0.9002000093460083,179.1300048828125,76.12999725341797,35291.55859375,4631.64990234375,25.7915
30,2,47240.02734375,0.8996999859809875,179.1300048828125,76.12999725341797,35291.55859375,4631.64990234375,29.1691
30,3,47418.1875,0.899399995803833,179.1300048828125,76.12999725341797,35291.55859375,4631.64990234375,31.927
30,4,47245.75390625,0.8998000025749207,179.1300048828125,76.12999725341797,35291.55859375,4631.64990234375,23.2953
30,5,47447.60546875,0.8996000289916992,179.1300048828125,76.12999725341797,35291.55859375,4631.64990234375,25.251
30,6,47427.81640625,0.8996999859809875,179.1300048828125,76.12999725341797,35291.55859375,4631.64990234375,19.9046
30,7,47447.21484375,0.8982999920845032,179.1300048828125,76.12999725341797,35291.55859375,4631.64990234375,18.7323
30,8,47442.046875,0.8960999846458435,179.1300048828125,76.12999725341797,35291.55859375,4631.64990234375,16.3865
30,9,47268.89453125,0.8970000147819519,179.1300048828125,76.12999725341797,35291.55859375,4631.64990234375,28.2609
30,10,47280.52734375,0.8984000086784363,179.1300048828125,76.12999725341797,35291.55859375,4631.64990234375,29.5033
30,11,47305.078125,0.897599995136261,179.1300048828125,76.12999725341797,35291.55859375,4631.64990234375,27.453
30,12,47325.1015625,0.8986999988555908,179.1300048828125,76.12999725341797,35291.55859375,4631.64990234375,22.0331
30,13,47019.3125,0.8955000042915344,180.47000122070312,78.30000305175781,35220.23828125,4617.7001953125,14.7447
30,14,47163.828125,0.8956000208854675,180.6000061035156,78.0999984741211,35231.73046875,4607.18994140625,23.3464
30,15,47150.7890625,0.8956000208854675,180.33999633789065,77.88999938964844,35237.0390625,4611.47998046875,24.8222
30,16,47268.8828125,0.8959000110626221,180.5301055908203,77.66999816894531,35172.921875,4606.31982421875,11.5375
30,17,47621.45703125,0.896399974822998,180.33999633789065,78.33999633789062,35193.109375,4601.91015625,22.2464
30,18,47321.95703125,0.8956999778747559,180.33999633789065,77.88990020751953,35111.828125,4587.43017578125,23.7945
30,19,47033.83984375,0.896399974822998,180.5500030517578,77.87000274658203,35228.1796875,4602.66015625,23.3599
30,20,47205.94140625,0.8959000110626221,180.5500030517578,77.87000274658203,35228.1796875,4602.66015625,15.648
30,21,46965.6953125,0.8960000276565552,180.5500030517578,77.87000274658203,35228.1796875,4602.66015625,18.3298
30,22,47037.55078125,0.8959000110626221,180.5500030517578,77.87000274658203,35228.1796875,4602.66015625,13.687100000000001
31,0,47183.09375,0.8948000073432922,180.5500030517578,77.87000274658203,35228.1796875,4602.66015625,156.952
31,1,47396.35546875,0.8945000171661377,180.5500030517578,77.87000274658203,35228.1796875,4602.66015625,120.7204
31,2,47235.22265625,0.8952000141143799,180.5500030517578,77.87000274658203,35228.1796875,4602.66015625,121.182
31,3,47099.30859375,0.8955000042915344,180.5500030517578,77.87000274658203,35228.1796875,4602.66015625,163.148
31,4,47021.71875,0.8956000208854675,180.5500030517578,77.87000274658203,35228.1796875,4602.66015625,129.8768
31,5,47084.89453125,0.8953999876976013,180.5500030517578,77.87000274658203,35228.1796875,4602.66015625,132.5312
31,6,47131.39453125,0.8949999809265137,180.5500030517578,77.87000274658203,35228.1796875,4602.66015625,132.6796
31,7,47152.2421875,0.896399974822998,180.5500030517578,77.87000274658203,35228.1796875,4602.66015625,148.626
31,8,47275.078125,0.8981999754905701,180.5500030517578,77.87000274658203,35228.1796875,4602.66015625,109.5236
31,9,47296.36328125,0.8998000025749207,180.5500030517578,77.87000274658203,35228.1796875,4602.66015625,140.9288
31,10,47255.8828125,0.901099979877472,180.5500030517578,77.87000274658203,35228.1796875,4602.66015625,105.5616
31,11,47160.2578125,0.9003999829292297,180.5500030517578,77.87000274658203,35228.1796875,4602.66015625,141.3448
31,12,47401.13671875,0.9003999829292297,180.5500030517578,77.87000274658203,35228.1796875,4602.66015625,122.5628
31,13,46990.73828125,0.901099979877472,181.21499633789065,75.67400360107422,35046.01953125,4587.240234375,87.0628
31,14,46706.125,0.8986999988555908,181.3800048828125,75.91000366210938,35093.9609375,4593.06982421875,101.3996
31,15,46457.12890625,0.901099979877472,181.13999938964844,76.31999969482422,35063.25,4585.43994140625,107.7368
31,16,45775.95703125,0.9021000266075134,181.8800048828125,75.5199966430664,35050.5703125,4585.509765625,83.6084
31,17,45872.1328125,0.9021999835968018,181.28550720214844,73.61000061035156,35010.41015625,4579.10986328125,74.1832
31,18,45950.59765625,0.9031000137329102,181.1199951171875,74.36000061035156,34946.6484375,4570.97998046875,96.05799999999999
31,19,45678.1640625,0.9032999873161316,180.72999572753903,74.12000274658203,34688.51171875,4532.2998046875,90.1268
31,20,45801.08984375,0.902999997138977,180.72999572753903,74.12000274658203,34688.51171875,4532.2998046875,71.0084
31,21,45843.1171875,0.9031999707221984,180.72999572753903,74.12000274658203,34688.51171875,4532.2998046875,129.7472
31,22,45831.97265625,0.9027000069618224,180.72999572753903,74.12000274658203,34688.51171875,4532.2998046875,89.3656
