Hora,BTC-USD,USD/EUR,Gold_ETF,Oil_ETF,Dow_Jones,S&P500
2022-03-02 15:00:00+00:00,-0.010851025517588542,0.0021083192065518563,-0.005150115877396,0.00018845290995139763,0.006396279491042822,0.00551869789570536
2022-03-02 16:00:00+00:00,0.002777433536065965,-0.002989736200445847,-0.0023100100207736896,0.005460771684353771,0.0010374061592226536,0.0015680690294144206
2022-03-02 17:00:00+00:00,-0.009999700082212737,-0.00022209416594043407,0.00047427518943132796,0.0044929001052784745,0.001576338963131807,0.002430607715449451
2022-03-02 18:00:00+00:00,-0.004775071083434446,-0.001999556375121281,0.0026767550074386914,0.016884083192178823,-0.0002966807545909944,-0.00023223272364736314
2022-03-02 19:00:00+00:00,0.00227154548176256,0.0006678320887281153,0.0018353827889519003,0.009703518476206208,-9.439504117525477e-05,0.0006627230936091522
2022-03-02 20:00:00+00:00,0.0017946629077987275,-0.0006673863866835106,-0.0023872088098263466,-0.0071090168777757645,-0.0013833632835629217,-0.001934403196387935
2022-03-02 21:00:00+00:00,0.0021064737598943672,0.0006678320887281153,0.0,0.0,0.0,0.0
2022-03-02 22:00:00+00:00,0.004830060750584453,0.0,0.0,0.0,0.0,0.0
2022-03-02 23:00:00+00:00,-0.004080809304429445,0.0005561995229375061,0.0,0.0,0.0,0.0
2022-03-03 00:00:00+00:00,0.0019306869685475903,0.0010005230895602235,0.0,0.0,0.0,0.0
2022-03-03 01:00:00+00:00,-0.004025739744320633,0.0002221603639034342,0.0,0.0,0.0,0.0
2022-03-03 02:00:00+00:00,-0.0007763435563929999,-0.0005552113658364721,0.0,0.0,0.0,0.0
2022-03-03 03:00:00+00:00,-0.009846616108505346,0.0006665707800692644,0.0,0.0,0.0,0.0
2022-03-03 04:00:00+00:00,0.0011405813065163972,0.00022208637042164803,0.0,0.0,0.0,0.0
2022-03-03 05:00:00+00:00,-0.0003271668484360335,-0.0005550264863216636,0.0,0.0,0.0,0.0
2022-03-03 06:00:00+00:00,7.77466781067826e-05,0.0,0.0,0.0,0.0,0.0
2022-03-03 07:00:00+00:00,-0.00010878290109150868,0.0005553347117954743,0.0,0.0,0.0,0.0
2022-03-03 08:00:00+00:00,0.00014370983750988664,0.00033298942730453085,0.0,0.0,0.0,0.0
2022-03-03 09:00:00+00:00,-0.004620817549191525,0.0013315804682219046,0.0,0.0,0.0,0.0
2022-03-03 10:00:00+00:00,0.003398653699614229,-0.0006649378854091115,0.0,0.0,0.0,0.0
2022-03-03 11:00:00+00:00,0.0009632891608843952,-0.00022174937720120802,0.0,0.0,0.0,0.0
2022-03-03 12:00:00+00:00,0.0031713040587328933,0.0011091250241794803,0.0,0.0,0.0,0.0
2022-03-03 13:00:00+00:00,0.007226702626731196,-0.0008863433976432633,0.0,0.0,0.0,0.0
2022-03-03 14:00:00+00:00,-0.009037060776124206,0.0006653803219933696,0.000890393237766407,0.0045081407523177575,0.001971164371567191,-0.000531299579703326
2022-03-03 15:00:00+00:00,-0.020087848383340212,0.0013297436683274988,0.0006115901811312163,-0.002244004666659638,-0.005349344086329588,-0.0042068722904300415
2022-03-03 16:00:00+00:00,-0.002831670831634825,0.0007746757034947649,0.00025003149769453614,0.005291725694639204,0.0003077041602643771,-0.0006575522923550903
2022-03-03 17:00:00+00:00,-0.000994464902729475,0.00022120224872224092,0.003027515322573837,-0.01684430603079612,0.007094099714281654,0.007574550825643511
2022-03-03 18:00:00+00:00,-0.0036963777082200666,-0.0009950581852036233,-0.00024921449686376995,-0.007495617259485887,0.0003237003299698671,-0.0005187200845772066
2022-03-03 19:00:00+00:00,-0.001135282117236458,0.00044268125392998847,0.0030197212548088714,0.00836136351219241,-0.004605526195228804,-0.005085739388008381
2022-03-03 20:00:00+00:00,-0.005229121495375577,-0.0004424853739497525,-0.001381346886955348,-0.0028086009616282714,-0.002222370859506606,-0.0015238120349532203
2022-03-03 21:00:00+00:00,0.0016976365350134248,-0.00022130764519934232,0.0,0.0,0.0,0.0
2022-03-03 22:00:00+00:00,0.010273945255518502,0.0,0.0,0.0,0.0,0.0
2022-03-03 23:00:00+00:00,-0.0011604441304421398,-0.00044277924436186833,0.0,0.0,0.0,0.0
2022-03-04 00:00:00+00:00,-0.019217237589843172,0.005426332949302504,0.0,0.0,0.0,0.0
2022-03-04 01:00:00+00:00,-0.002376242676973228,-0.003744870842594117,0.0,0.0,0.0,0.0
2022-03-04 02:00:00+00:00,-0.0021633484164598205,0.0021006271370687113,0.0,0.0,0.0,0.0
2022-03-04 03:00:00+00:00,0.0006964791142971549,0.0002206239824913414,0.0,0.0,0.0,0.0
2022-03-04 04:00:00+00:00,-0.0022939559999706205,-0.0007721122318780083,0.0,0.0,0.0,0.0
2022-03-04 05:00:00+00:00,-6.041414842716808e-05,0.0006623030724126622,0.0,0.0,0.0,0.0
2022-03-04 06:00:00+00:00,0.0005491411468336871,0.0011031955323015374,0.0,0.0,0.0,0.0
2022-03-04 07:00:00+00:00,5.4063121949887716e-05,0.0003305676779028488,0.0,0.0,0.0,0.0
2022-03-04 08:00:00+00:00,0.003484665725409064,-0.00011017469912244504,0.0,0.0,0.0,0.0
2022-03-04 09:00:00+00:00,0.0006585980182827189,-0.0003304948511947403,0.0,0.0,0.0,0.0
2022-03-04 10:00:00+00:00,0.0029705254088630006,0.0014326397237558464,0.0,0.0,0.0,0.0
2022-03-04 11:00:00+00:00,0.002110568100669452,0.002421049262153918,0.0,0.0,0.0,0.0
2022-03-04 12:00:00+00:00,-0.007338899119326503,0.003513003156710104,0.0,0.0,0.0,0.0
2022-03-04 13:00:00+00:00,-0.0038358115935832604,0.0027349279504971236,0.0,0.0,0.0,0.0
2022-03-04 14:00:00+00:00,-0.009640918036456725,0.0,0.00945747877305858,0.04425969903183624,-0.012247548253897733,-0.013816138409791234
2022-03-04 15:00:00+00:00,-0.00351989693932675,-0.001090974402646605,0.003342102761738852,-0.010403256514822878,-0.00116754573882083,-0.0015941514949964208
2022-03-04 16:00:00+00:00,0.00016208008135421004,0.0005461155133585915,-0.0003003764162269329,-0.003893615053542354,0.005475885275734171,0.005616168163887325
2022-03-04 17:00:00+00:00,0.0017354699407412522,-0.000982458368489314,0.0012290378657182632,0.01536028237606879,0.0006457027271793425,0.0008169436993683554
2022-03-04 18:00:00+00:00,-0.0038985204839883103,-0.0008741406758195902,0.0016371773022145764,0.024395315703077847,-0.001562798548141231,-0.0015239275596924395
2022-03-04 19:00:00+00:00,-0.018595414750610995,0.002077884186295398,0.0013066370045717868,-0.004008514186200851,-0.0007944007574561818,-0.001167307958502506
2022-03-04 20:00:00+00:00,-0.009423949405100718,-0.0021826631599906055,-0.0008703419565746495,-0.0011319829564454542,0.004365091638213636,0.0038815721391818325
2022-03-04 21:00:00+00:00,-0.002968533896142933,0.0,0.0,0.0,0.0,0.0
2022-03-04 22:00:00+00:00,-0.011853043414021935,0.0019687199161322333,0.0,0.0,0.0,0.0
2022-03-04 23:00:00+00:00,0.004058637434669388,0.0,0.0,0.0,0.0,0.0
2022-03-05 00:00:00+00:00,-0.006721049496999254,0.0,0.0,0.0,0.0,0.0
2022-03-05 01:00:00+00:00,0.003271523377118113,0.0,0.0,0.0,0.0,0.0
2022-03-05 02:00:00+00:00,-0.0009392850096001659,0.0,0.0,0.0,0.0,0.0
2022-03-05 03:00:00+00:00,0.00278461388545459,0.0,0.0,0.0,0.0,0.0
2022-03-05 04:00:00+00:00,-0.004971913268846051,0.0,0.0,0.0,0.0,0.0
2022-03-05 05:00:00+00:00,0.0023351086361542706,0.0,0.0,0.0,0.0,0.0
2022-03-05 06:00:00+00:00,0.000671705577842685,0.0,0.0,0.0,0.0,0.0
2022-03-05 07:00:00+00:00,0.0012654768733175725,0.0,0.0,0.0,0.0,0.0
2022-03-05 08:00:00+00:00,0.0019284811230251275,0.0,0.0,0.0,0.0,0.0
2022-03-05 09:00:00+00:00,-0.0017654036208947232,0.0,0.0,0.0,0.0,0.0
2022-03-05 10:00:00+00:00,0.002128932931760641,0.0,0.0,0.0,0.0,0.0
2022-03-05 11:00:00+00:00,0.0008966582188014716,0.0,0.0,0.0,0.0,0.0
2022-03-05 12:00:00+00:00,-0.0006516215293599359,0.0,0.0,0.0,0.0,0.0
2022-03-05 13:00:00+00:00,-0.002439934939060029,0.0,0.0,0.0,0.0,0.0
2022-03-05 14:00:00+00:00,0.0028958688651981035,0.0,0.0,0.0,0.0,0.0
2022-03-05 15:00:00+00:00,0.0007199815426177647,0.0,0.0,0.0,0.0,0.0
2022-03-05 16:00:00+00:00,0.005293309975853422,0.0,0.0,0.0,0.0,0.0
2022-03-05 17:00:00+00:00,0.00169529169368543,0.0,0.0,0.0,0.0,0.0
2022-03-05 18:00:00+00:00,-0.0010414070407865905,0.0,0.0,0.0,0.0,0.0
2022-03-05 19:00:00+00:00,0.0006642782112882273,0.0,0.0,0.0,0.0,0.0
2022-03-05 20:00:00+00:00,0.0023815557021726885,0.0,0.0,0.0,0.0,0.0
2022-03-05 21:00:00+00:00,-0.002588286848685395,0.0,0.0,0.0,0.0,0.0
2022-03-05 22:00:00+00:00,0.0008634494936023973,0.0,0.0,0.0,0.0,0.0
2022-03-05 23:00:00+00:00,-0.0018529643818189223,0.0,0.0,0.0,0.0,0.0
2022-03-06 00:00:00+00:00,0.004461120302528876,0.0,0.0,0.0,0.0,0.0
2022-03-06 01:00:00+00:00,-0.0027557067904286914,0.0,0.0,0.0,0.0,0.0
2022-03-06 02:00:00+00:00,0.0013599857954180727,0.0,0.0,0.0,0.0,0.0
2022-03-06 03:00:00+00:00,-0.0034100243705895705,0.0,0.0,0.0,0.0,0.0
2022-03-06 04:00:00+00:00,0.0030678302596185425,0.0,0.0,0.0,0.0,0.0
2022-03-06 05:00:00+00:00,0.0005470659104178655,0.0,0.0,0.0,0.0,0.0
2022-03-06 06:00:00+00:00,-0.0011282191351973392,0.0,0.0,0.0,0.0,0.0
2022-03-06 07:00:00+00:00,-0.0016788564306681186,0.0,0.0,0.0,0.0,0.0
2022-03-06 08:00:00+00:00,-0.005145226472314524,0.0,0.0,0.0,0.0,0.0
2022-03-06 09:00:00+00:00,-0.009838652160833905,0.0,0.0,0.0,0.0,0.0
2022-03-06 10:00:00+00:00,-0.013128233770686282,0.0,0.0,0.0,0.0,0.0
2022-03-06 11:00:00+00:00,0.0013497578162813273,0.0,0.0,0.0,0.0,0.0
2022-03-06 12:00:00+00:00,0.004627334880087819,0.0,0.0,0.0,0.0,0.0
2022-03-06 13:00:00+00:00,0.009534580574922291,0.0,0.0,0.0,0.0,0.0
2022-03-06 14:00:00+00:00,-0.001569053038549706,0.0,0.0,0.0,0.0,0.0
2022-03-06 15:00:00+00:00,0.0003504551342532469,0.0,0.0,0.0,0.0,0.0
2022-03-06 16:00:00+00:00,0.008847650748184721,0.0,0.0,0.0,0.0,0.0
2022-03-06 17:00:00+00:00,-0.0051451448858853555,0.0,0.0,0.0,0.0,0.0
2022-03-06 18:00:00+00:00,-0.0035726659016676043,0.0,0.0,0.0,0.0,0.0
2022-03-06 19:00:00+00:00,-0.0038661435838275304,0.0,0.0,0.0,0.0,0.0
2022-03-06 20:00:00+00:00,0.0035968693768966276,0.0,0.0,0.0,0.0,0.0
2022-03-06 21:00:00+00:00,0.0037428976316089546,0.0,0.0,0.0,0.0,0.0
2022-03-06 22:00:00+00:00,0.0002576690335898135,0.0,0.0,0.0,0.0,0.0
2022-03-06 23:00:00+00:00,-0.015266736889171129,0.0,0.0,0.0,0.0,0.0
2022-03-07 00:00:00+00:00,-0.0021032430325944595,0.004147991282536179,0.0,0.0,0.0,0.0
2022-03-07 01:00:00+00:00,0.0011521051900158508,0.0022828468795617063,0.0,0.0,0.0,0.0
2022-03-07 02:00:00+00:00,-0.015276321381293423,0.0,0.0,0.0,0.0,0.0
2022-03-07 03:00:00+00:00,0.0035793740007128427,-0.0026030163182909627,0.0,0.0,0.0,0.0
2022-03-07 04:00:00+00:00,3.583598979628455e-05,-0.0009787191457168998,0.0,0.0,0.0,0.0
2022-03-07 05:00:00+00:00,0.004611246990090745,0.000544272750653052,0.0,0.0,0.0,0.0
2022-03-07 06:00:00+00:00,0.001847778970087921,0.00021755176516191632,0.0,0.0,0.0,0.0
2022-03-07 07:00:00+00:00,-0.005190778370184557,0.00010878463831232033,0.0,0.0,0.0,0.0
2022-03-07 08:00:00+00:00,0.003497259014890952,0.0007612799927398939,0.0,0.0,0.0,0.0
2022-03-07 09:00:00+00:00,0.0019914251167378882,0.0008693909483070694,0.0,0.0,0.0,0.0
2022-03-07 10:00:00+00:00,-6.67910090914603e-05,0.002062993760733489,0.0,0.0,0.0,0.0
2022-03-07 11:00:00+00:00,0.004412797234728982,-0.002492170311049202,0.0,0.0,0.0,0.0
2022-03-07 12:00:00+00:00,0.008120577819980657,-0.0028242605019518363,0.0,0.0,0.0,0.0
2022-03-07 13:00:00+00:00,0.009359843782042354,-0.0006535733829287071,0.0,0.0,0.0,0.0
2022-03-07 14:00:00+00:00,-0.0015092612896597801,0.0005450439978953447,0.007023130424438362,0.02304207848458817,-0.012854992431677648,-0.014630302342664159
2022-03-07 15:00:00+00:00,0.001844422773654708,0.0013072891108310003,-0.002000297965863429,0.012430795522836435,0.0005822261403527484,0.0007383702676801995
2022-03-07 16:00:00+00:00,-0.004383507534394315,0.001740862917810837,0.0029252073037855375,-0.01483103803817909,-0.006928647740151228,-0.007896139426255222
2022-03-07 17:00:00+00:00,-0.001876265368699559,-0.0015205755140084154,0.004591153215501187,0.025296093277443532,0.001357179700970379,-0.00014871650737091624
2022-03-07 18:00:00+00:00,-0.019665884049099525,-0.00043512102958531695,0.0006451697061318207,-0.012155428467329976,-0.0007199062051537197,-0.00036838753030699056
2022-03-07 19:00:00+00:00,-0.0179945895867466,0.002285331173234928,-0.00032237686527869513,0.001218304969423878,-0.0012135340419977547,-0.0029410350048680867
2022-03-07 20:00:00+00:00,0.006449846490244271,-0.0017372715284725837,0.001934966968269114,0.002677065221296626,-0.004071523105016461,-0.004560725357084627
2022-03-07 21:00:00+00:00,0.008701000435803463,0.0018490795315542208,0.0,0.0,0.0,0.0
2022-03-07 22:00:00+00:00,0.006347670283757489,0.0,0.0,0.0,0.0,0.0
2022-03-07 23:00:00+00:00,-0.0026022217308699913,-0.0009771253025367965,0.0,0.0,0.0,0.0
2022-03-08 00:00:00+00:00,0.005396807053371422,0.0006520108244418843,0.0,0.0,0.0,0.0
2022-03-08 01:00:00+00:00,0.0035611026933819456,-0.0015204104486788994,0.0,0.0,0.0,0.0
2022-03-08 02:00:00+00:00,0.007079945413532407,-0.00010871980837323658,0.0,0.0,0.0,0.0
2022-03-08 03:00:00+00:00,-0.00016382827282068746,0.0006526491258840306,0.0,0.0,0.0,0.0
2022-03-08 04:00:00+00:00,-0.003229925803534095,-0.00043483723344517333,0.0,0.0,0.0,0.0
2022-03-08 05:00:00+00:00,-0.0038086489370241505,0.0007612799927398939,0.0,0.0,0.0,0.0
2022-03-08 06:00:00+00:00,-0.003987919551030172,0.00032600541222094215,0.0,0.0,0.0,0.0
2022-03-08 07:00:00+00:00,0.007603084583141406,-0.00032589916732850277,0.0,0.0,0.0,0.0
2022-03-08 08:00:00+00:00,0.006322054466478599,-0.002934113483565537,0.0,0.0,0.0,0.0
2022-03-08 09:00:00+00:00,0.00424567731079506,0.0007629394372643539,0.0,0.0,0.0,0.0
2022-03-08 10:00:00+00:00,0.0010499353758606222,-0.0009802114140750051,0.0,0.0,0.0,0.0
2022-03-08 11:00:00+00:00,0.0002350783374009957,0.0006541371069297419,0.0,0.0,0.0,0.0
2022-03-08 12:00:00+00:00,-0.005967242229461434,-0.0013073540467097855,0.0,0.0,0.0,0.0
2022-03-08 13:00:00+00:00,0.0034396805702794353,-0.0011999604152858057,0.0,0.0,0.0,0.0
2022-03-08 14:00:00+00:00,-0.0029889832465279653,0.0013106381726604166,0.030148570392039886,0.06134708994620808,-0.005248037713791787,-0.00756622890788472
2022-03-08 15:00:00+00:00,-0.004416527657494562,0.002617780283553861,-0.00026039187666360153,-0.011320170058157997,0.000890733997358506,0.0006787116516500102
2022-03-08 16:00:00+00:00,-0.005192168622338955,-0.0002175517651618053,-0.009401983102150346,-0.032263873913143226,0.016321567606877974,0.017003793222284624
2022-03-08 17:00:00+00:00,0.016303168736631735,-0.005767186989039441,0.00023661452989731657,0.022523934147551827,-0.0011785890595177317,-0.0002475027934677465
2022-03-08 18:00:00+00:00,-0.007276669361506949,0.002079476079273501,0.0007359866930398695,-0.015077149980560867,-0.007015227038353222,-0.006757773926013955
2022-03-08 19:00:00+00:00,0.00037029098842999986,0.0012014020501889267,0.004412672490004876,0.005933309836450906,-0.0036787988757248646,-0.004176620381314167
2022-03-08 20:00:00+00:00,-0.006859185002286106,-0.00043635515291151616,0.001621326169151116,0.008080750443727913,-0.005575176048793762,-0.006076868476477482
2022-03-08 21:00:00+00:00,0.00013810478429077122,0.0012004842527755244,0.0,0.0,0.0,0.0
2022-03-08 22:00:00+00:00,0.0024304506088910216,-0.0004360222040620254,0.0,0.0,0.0,0.0
2022-03-08 23:00:00+00:00,0.003631725503818073,0.0004362124023551406,0.0,0.0,0.0,0.0
2022-03-09 00:00:00+00:00,0.005646007264597852,-0.0017440888162481016,0.0,0.0,0.0,0.0
2022-03-09 01:00:00+00:00,0.005495175501051941,0.00021842453946341323,0.0,0.0,0.0,0.0
2022-03-09 02:00:00+00:00,0.006266494515009713,-0.00032750019033134237,0.0,0.0,0.0,0.0
2022-03-09 03:00:00+00:00,0.04609079144561101,0.000982822445532161,0.0,0.0,0.0,0.0
2022-03-09 04:00:00+00:00,0.008475852111634596,-0.0008728055333089291,0.0,0.0,0.0,0.0
2022-03-09 05:00:00+00:00,-0.004181827183774467,0.00010921226973148457,0.0,0.0,0.0,0.0
2022-03-09 06:00:00+00:00,0.004736482063209868,-0.0005458715632151723,0.0,0.0,0.0,0.0
2022-03-09 07:00:00+00:00,0.0032032394089529515,0.0003277148436788835,0.0,0.0,0.0,0.0
2022-03-09 08:00:00+00:00,0.011388850461598654,-0.002839373329131978,0.0,0.0,0.0,0.0
2022-03-09 09:00:00+00:00,-0.003485773535218062,-0.001752302132293937,0.0,0.0,0.0,0.0
2022-03-09 10:00:00+00:00,0.002270622967931679,0.00010972747827175944,0.0,0.0,0.0,0.0
2022-03-09 11:00:00+00:00,-0.0008064919638042234,-0.0004387963732442879,0.0,0.0,0.0,0.0
2022-03-09 12:00:00+00:00,-0.004557519875337923,-0.0012072033967323037,0.0,0.0,0.0,0.0
2022-03-09 13:00:00+00:00,-0.002813247555630838,-0.0026370520449876533,0.0,0.0,0.0,0.0
2022-03-09 14:00:00+00:00,0.00743817711831718,-0.0014321662437037919,-0.02804028651881063,-0.0653560232262852,0.01901255559675219,0.02205363443895547
2022-03-09 15:00:00+00:00,0.006165342682500352,-0.0015446309164628413,0.004297856744283957,0.0057593472975352444,-0.001085858722309374,-0.0008915182740627525
2022-03-09 16:00:00+00:00,-0.0038123666072591433,-0.0022099163690824097,-0.0043864732722241895,-0.03311345202884142,0.004600160351201588,0.005191424982584847
2022-03-09 17:00:00+00:00,0.0012819739493863391,-0.0017718355313123269,-0.004781858010946549,-0.044804890042220546,0.0007251590872616731,0.0016001051148959444
2022-03-09 18:00:00+00:00,-0.0060349429070710725,0.002218742162177989,-0.0004048855475463631,0.0009435192414166682,-0.003007902073984492,-0.002504675127864231
2022-03-09 19:00:00+00:00,0.003940171708457285,-0.0011069151218383588,0.005535869424223128,0.009964958826852666,0.0031554187145015344,0.003637958564922661
2022-03-09 20:00:00+00:00,-0.008809504409242885,0.0009973077512457351,-0.0019335340301005477,0.0054667154947916075,-0.003432032081108427,-0.0035293381637840904
2022-03-09 21:00:00+00:00,0.0016186050178716993,-0.0007749329769415336,0.0,0.0,0.0,0.0
2022-03-09 22:00:00+00:00,0.000578238246095264,0.0008863433976431523,0.0,0.0,0.0,0.0
2022-03-09 23:00:00+00:00,0.0019673905505599443,-0.0008855584887235146,0.0,0.0,0.0,0.0
2022-03-10 00:00:00+00:00,-0.0035122462552087397,0.0017726867952860825,0.0,0.0,0.0,0.0
2022-03-10 01:00:00+00:00,-0.019020001911914552,0.0005529349156447871,0.0,0.0,0.0,0.0
2022-03-10 02:00:00+00:00,-0.003981904138527059,-0.00011048633952037701,0.0,0.0,0.0,0.0
2022-03-10 03:00:00+00:00,-0.0007401925207591864,-0.0006633207416383291,0.0,0.0,0.0,0.0
2022-03-10 04:00:00+00:00,-0.03005904604019205,0.00044248537394953047,0.0,0.0,0.0,0.0
2022-03-10 05:00:00+00:00,-0.009394643850333173,-0.00044228966724080276,0.0,0.0,0.0,0.0
2022-03-10 06:00:00+00:00,0.002315306398449568,0.00022127565414620243,0.0,0.0,0.0,0.0
2022-03-10 07:00:00+00:00,-0.001316912436045703,-0.0007741616177077137,0.0,0.0,0.0,0.0
2022-03-10 08:00:00+00:00,-0.0018046920203046435,0.0030990456330115546,0.0,0.0,0.0,0.0
2022-03-10 09:00:00+00:00,0.00040475559942620976,-0.001103373183539702,0.0,0.0,0.0,0.0
2022-03-10 10:00:00+00:00,-0.003339475549820281,0.00033137100424052157,0.0,0.0,0.0,0.0
2022-03-10 11:00:00+00:00,0.00042412722538176517,0.0,0.0,0.0,0.0,0.0
2022-03-10 12:00:00+00:00,0.004080119472096522,-0.005300377195510686,0.0,0.0,0.0,0.0
2022-03-10 13:00:00+00:00,-0.009052871262140605,0.0027753082198034296,0.0,0.0,0.0,0.0
2022-03-10 14:00:00+00:00,0.008835530859883756,0.005203149696081155,0.0021525878846107016,-0.005967438745303033,-0.007823862575479845,-0.00928802288291597
2022-03-10 15:00:00+00:00,-0.0013053468091517306,-0.0007709217556433057,0.0006546153207025451,0.007373317291520021,-0.005507127956892122,-0.00605964589462793
2022-03-10 16:00:00+00:00,-0.0019760672755291253,0.0009919873698329695,0.0019217001363318609,-0.01341102758133006,0.004708746934527275,0.005080529528730393
2022-03-10 17:00:00+00:00,0.000633114524269951,0.0015415039166328803,-0.002035295287812877,-0.003096612507864971,-0.0013979537007299259,-0.0012542833054026703
2022-03-10 18:00:00+00:00,0.0012955476246896414,0.0002198478220585276,-0.00010736513350462218,-0.008203910453262409,0.0044055281358461595,0.005761243686784878
2022-03-10 19:00:00+00:00,0.004524067501238571,0.0,0.003274292004075141,0.006923628583774821,0.0008868482435531178,0.00012940184428056334
2022-03-10 20:00:00+00:00,0.0058276313334042484,0.0010991285261030548,-0.0025681396229376707,-0.0012336433985729034,0.0013665927102084474,0.001422432483536129
2022-03-10 21:00:00+00:00,-0.006762731630951979,-0.0010979217689673915,0.0,0.0,0.0,0.0
2022-03-10 22:00:00+00:00,0.001995487944195906,0.0,0.0,0.0,0.0,0.0
2022-03-10 23:00:00+00:00,0.000515485617862188,-0.002308189559019569,0.0,0.0,0.0,0.0
2022-03-11 00:00:00+00:00,-0.003986519927302923,0.0013220450703572695,0.0,0.0,0.0,0.0
2022-03-11 01:00:00+00:00,-0.014213530785894157,0.0009901754969501297,0.0,0.0,0.0,0.0
2022-03-11 02:00:00+00:00,-0.008184602211029457,-0.0005495315060471961,0.0,0.0,0.0,0.0
2022-03-11 03:00:00+00:00,0.00786469287864966,-0.0009898054625855357,0.0,0.0,0.0,0.0
2022-03-11 04:00:00+00:00,-0.0034982705349387855,0.00033024017771654535,0.0,0.0,0.0,0.0
2022-03-11 05:00:00+00:00,0.004247888658428733,0.00033013115514557434,0.0,0.0,0.0,0.0
2022-03-11 06:00:00+00:00,0.0035611204551588838,-0.00044005146326786537,0.0,0.0,0.0,0.0
2022-03-11 07:00:00+00:00,0.0070173179552641685,0.001650903076652055,0.0,0.0,0.0,0.0
2022-03-11 08:00:00+00:00,-0.003313103159920616,0.0004395195895667836,0.0,0.0,0.0,0.0
2022-03-11 09:00:00+00:00,0.0001790301370065972,0.0010982835105926014,0.0,0.0,0.0,0.0
2022-03-11 10:00:00+00:00,0.0004021203619584135,-0.0009873511289767434,0.0,0.0,0.0,0.0
2022-03-11 11:00:00+00:00,0.020136541948778675,-0.003294554095273017,0.0,0.0,0.0,0.0
2022-03-11 12:00:00+00:00,0.00027990539099742584,0.0026443815167542795,0.0,0.0,0.0,0.0
2022-03-11 13:00:00+00:00,-0.014443487184312431,-0.0010989524189233268,0.0,0.0,0.0,0.0
2022-03-11 14:00:00+00:00,0.00045010788765842413,0.0009901321852696654,-0.011532446392482631,0.01284448191931764,0.004532016989558407,0.0006714570893979754
2022-03-11 15:00:00+00:00,-0.004843093261528764,0.002088160502683456,0.0050467112043133255,0.010594415563761839,0.0005927114544419521,-0.0014100646168869746
2022-03-11 16:00:00+00:00,-0.008654031715767174,0.0027418266528589363,0.0028616098487361796,0.006396323960074168,-0.004827455715029627,-0.004031953668786392
2022-03-11 17:00:00+00:00,0.002143274218892932,0.0018593284786916353,-0.004414812641151511,-0.005371476824196031,0.002775207051542994,0.0036495997224355037
2022-03-11 18:00:00+00:00,-0.003112367162600993,0.0007641888009641828,0.0028660976884320455,0.0068510755284914016,-0.0007661680117458936,-0.0007522171986417137
2022-03-11 19:00:00+00:00,0.002014957158710695,-0.00010910504344874283,-0.0014019655492822913,0.001177754114651819,-0.004892384000917405,-0.0063700595714279995
2022-03-11 20:00:00+00:00,-0.009282494947824516,-0.0004364027666543535,-0.0007020081057219629,-0.002091277710651207,-0.004287950195216994,-0.0047725697745724105
2022-03-11 21:00:00+00:00,0.010808414720121506,-0.00010909953201709843,0.0,0.0,0.0,0.0
2022-03-11 22:00:00+00:00,0.0034266788032395468,0.0001091114360236567,0.0,0.0,0.0,0.0
2022-03-11 23:00:00+00:00,-0.005158926840643674,0.0,0.0,0.0,0.0,0.0
2022-03-12 00:00:00+00:00,0.008225577757904112,0.0,0.0,0.0,0.0,0.0
2022-03-12 01:00:00+00:00,0.0018620281576207098,0.0,0.0,0.0,0.0,0.0
2022-03-12 02:00:00+00:00,-0.0012765253311429747,0.0,0.0,0.0,0.0,0.0
2022-03-12 03:00:00+00:00,-0.0007981743695101295,0.0,0.0,0.0,0.0,0.0
2022-03-12 04:00:00+00:00,-0.0003680907934648925,0.0,0.0,0.0,0.0,0.0
2022-03-12 05:00:00+00:00,0.001972334161251421,0.0,0.0,0.0,0.0,0.0
2022-03-12 06:00:00+00:00,-0.0013461425307439434,0.0,0.0,0.0,0.0,0.0
2022-03-12 07:00:00+00:00,-4.753501013410322e-05,0.0,0.0,0.0,0.0,0.0
2022-03-12 08:00:00+00:00,0.00019114776141404555,0.0,0.0,0.0,0.0,0.0
2022-03-12 09:00:00+00:00,0.0010542070930823488,0.0,0.0,0.0,0.0,0.0
2022-03-12 10:00:00+00:00,0.0013921266892140682,0.0,0.0,0.0,0.0,0.0
2022-03-12 11:00:00+00:00,-0.003008877323605219,0.0,0.0,0.0,0.0,0.0
2022-03-12 12:00:00+00:00,0.00250014561287637,0.0,0.0,0.0,0.0,0.0
2022-03-12 13:00:00+00:00,-0.002684055575785882,0.0,0.0,0.0,0.0,0.0
2022-03-12 14:00:00+00:00,-0.004212336956179619,0.0,0.0,0.0,0.0,0.0
2022-03-12 15:00:00+00:00,0.004534811307255193,0.0,0.0,0.0,0.0,0.0
2022-03-12 16:00:00+00:00,-7.112499868888733e-05,0.0,0.0,0.0,0.0,0.0
2022-03-12 17:00:00+00:00,0.0003523535307732306,0.0,0.0,0.0,0.0,0.0
2022-03-12 18:00:00+00:00,-0.0006358505037270534,0.0,0.0,0.0,0.0,0.0
2022-03-12 19:00:00+00:00,-0.0012972928031427244,0.0,0.0,0.0,0.0,0.0
2022-03-12 20:00:00+00:00,0.0029775832746232744,0.0,0.0,0.0,0.0,0.0
2022-03-12 21:00:00+00:00,-0.001190969185343338,0.0,0.0,0.0,0.0,0.0
2022-03-12 22:00:00+00:00,0.0006048843613122301,0.0,0.0,0.0,0.0,0.0
2022-03-12 23:00:00+00:00,-0.005831968358197659,0.0,0.0,0.0,0.0,0.0
2022-03-13 00:00:00+00:00,0.00035313148911741976,0.0,0.0,0.0,0.0,0.0
2022-03-13 01:00:00+00:00,0.0027408466141656262,0.0,0.0,0.0,0.0,0.0
2022-03-13 02:00:00+00:00,0.0032213288767379833,0.0,0.0,0.0,0.0,0.0
2022-03-13 03:00:00+00:00,0.0007751582968229531,0.0,0.0,0.0,0.0,0.0
2022-03-13 04:00:00+00:00,-0.0007484368765726668,0.0,0.0,0.0,0.0,0.0
2022-03-13 05:00:00+00:00,0.000304507823266853,0.0,0.0,0.0,0.0,0.0
2022-03-13 06:00:00+00:00,-0.0003653579974750576,0.0,0.0,0.0,0.0,0.0
2022-03-13 07:00:00+00:00,-0.0009116833564155602,0.0,0.0,0.0,0.0,0.0
2022-03-13 08:00:00+00:00,-0.0010245698010272752,0.0,0.0,0.0,0.0,0.0
2022-03-13 09:00:00+00:00,-0.001992957118480909,0.0,0.0,0.0,0.0,0.0
2022-03-13 10:00:00+00:00,6.150585773179174e-05,0.0,0.0,0.0,0.0,0.0
2022-03-13 11:00:00+00:00,-0.0054431339694490655,0.0,0.0,0.0,0.0,0.0
2022-03-13 12:00:00+00:00,-0.006950606210334831,0.0,0.0,0.0,0.0,0.0
2022-03-13 13:00:00+00:00,0.005758693491279887,0.0,0.0,0.0,0.0,0.0
2022-03-13 14:00:00+00:00,0.002959615118944159,0.0,0.0,0.0,0.0,0.0
2022-03-13 15:00:00+00:00,0.0035399520217811453,0.0,0.0,0.0,0.0,0.0
2022-03-13 16:00:00+00:00,-0.000511752422433398,0.0,0.0,0.0,0.0,0.0
2022-03-13 17:00:00+00:00,-0.0003359969511684824,0.0,0.0,0.0,0.0,0.0
2022-03-13 18:00:00+00:00,0.001162847945673784,0.0,0.0,0.0,0.0,0.0
2022-03-13 19:00:00+00:00,-0.0022414684482768843,0.0,0.0,0.0,0.0,0.0
2022-03-13 20:00:00+00:00,-0.006151987734369646,0.0,0.0,0.0,0.0,0.0
2022-03-13 21:00:00+00:00,0.002085273611107885,0.0,0.0,0.0,0.0,0.0
2022-03-13 22:00:00+00:00,-0.02407447257245754,0.0,0.0,0.0,0.0,0.0
2022-03-13 23:00:00+00:00,0.000724801578080303,0.0,0.0,0.0,0.0,0.0
2022-03-14 00:00:00+00:00,-0.0004489317900262524,-0.0016372086003221265,0.0,0.0,0.0,0.0
2022-03-14 01:00:00+00:00,0.006762297324672151,0.001093305740689443,0.0,0.0,0.0,0.0
2022-03-14 02:00:00+00:00,2.861299873146983e-05,0.0006552149636880333,0.0,0.0,0.0,0.0
2022-03-14 03:00:00+00:00,0.0019718817133507205,0.00043654564185180433,0.0,0.0,0.0,0.0
2022-03-14 04:00:00+00:00,0.009035937410442951,-0.0009818153492719972,0.0,0.0,0.0,0.0
2022-03-14 05:00:00+00:00,-0.00013947207941411577,0.0003276368091948978,0.0,0.0,0.0,0.0
2022-03-14 06:00:00+00:00,0.003351246075342207,-0.0005458174339905142,0.0,0.0,0.0,0.0
2022-03-14 07:00:00+00:00,0.011867935160066123,-0.0013106381726605276,0.0,0.0,0.0,0.0
2022-03-14 08:00:00+00:00,-0.0003770119628603297,-0.002187198481254926,0.0,0.0,0.0,0.0
2022-03-14 09:00:00+00:00,0.0032925267798942226,-0.002411231281437054,0.0,0.0,0.0,0.0
2022-03-14 10:00:00+00:00,-0.002798201220408303,0.002087472271921964,0.0,0.0,0.0,0.0
2022-03-14 11:00:00+00:00,-0.0038056814457793076,0.00175415793198197,0.0,0.0,0.0,0.0
2022-03-14 12:00:00+00:00,-0.00321865318440262,-0.0013132983790169472,0.0,0.0,0.0,0.0
2022-03-14 13:00:00+00:00,0.000889668077940664,0.0012054834965355976,-0.011509807148560425,-0.050818563601322086,0.009443830010111176,0.0064035435759677295
2022-03-14 14:00:00+00:00,0.003718064455163095,-0.0020797035947743847,-0.0015306335237934565,-0.0053815286750267255,0.0011538995119508844,-0.001214923933089751
2022-03-14 15:00:00+00:00,-0.001565447577287049,-0.001425948110682529,0.00027376432208425783,0.00471693020607189,-0.003967406557737085,-0.005866506867811094
2022-03-14 16:00:00+00:00,-0.0015483408877856597,0.0007688894647412958,0.00038318185762498125,0.006213816473551015,-0.004860710178241301,-0.005717827153617461
2022-03-14 17:00:00+00:00,-0.003320406297408929,-0.00021948588489884013,-0.0013131558108749886,0.0006175129305512339,-0.005233899579538459,-0.003509717391939726
2022-03-14 18:00:00+00:00,-0.001226985083341181,0.0014271350391688031,-0.0015339877344514585,-0.010766010453991615,0.004242683949498005,0.0030872007514581856
2022-03-14 19:00:00+00:00,0.002462535876025962,0.000877015528310876,0.00027436516739531847,0.009843326098823768,-0.0007825516111984454,-0.0006706006858278046
2022-03-14 20:00:00+00:00,-0.001058245485164977,0.0008762470460446092,0.0,0.0,0.0,0.0
2022-03-14 21:00:00+00:00,-0.0005328580512311554,-0.0005471912501582299,0.0,0.0,0.0,0.0
2022-03-14 22:00:00+00:00,0.016950430991017118,0.0009854704456433439,0.0,0.0,0.0,0.0
2022-03-14 23:00:00+00:00,0.006201825881636092,-0.0008750968445070395,0.0,0.0,0.0,0.0
2022-03-15 00:00:00+00:00,-0.0024329586266950143,-0.00043793165486283314,0.0,0.0,0.0,0.0
2022-03-15 01:00:00+00:00,-0.016933843661942283,-0.0003285763211702264,0.0,0.0,0.0,0.0
2022-03-15 02:00:00+00:00,0.0034746517836570234,-0.0017530701094166101,0.0,0.0,0.0,0.0
2022-03-15 03:00:00+00:00,-0.0055028195065187635,-0.00065852307522829,0.0,0.0,0.0,0.0
2022-03-15 04:00:00+00:00,-9.274139951909177e-05,-0.00021963051666185063,0.0,0.0,0.0,0.0
2022-03-15 05:00:00+00:00,-0.0003533764978345122,0.00010980664340021207,0.0,0.0,0.0,0.0
2022-03-15 06:00:00+00:00,0.0002891276906755724,0.000549234819457789,0.0,0.0,0.0,0.0
2022-03-15 07:00:00+00:00,-0.009419917657675025,-0.002525001691491835,0.0,0.0,0.0,0.0
2022-03-15 08:00:00+00:00,-0.0005115015666832257,0.0,0.0,0.0,0.0,0.0
2022-03-15 09:00:00+00:00,0.004032870037136593,-0.00011001209805072687,0.0,0.0,0.0,0.0
2022-03-15 10:00:00+00:00,0.002885203197207975,0.0006604076432767947,0.0,0.0,0.0,0.0
2022-03-15 11:00:00+00:00,-0.00027528478084304364,0.001099974842919238,0.0,0.0,0.0,0.0
2022-03-15 12:00:00+00:00,0.004506718040362401,-0.0006592466381434292,0.0,0.0,0.0,0.0
2022-03-15 13:00:00+00:00,-0.003267069146139834,-0.00032984076548747687,-0.02154745211289022,-0.06274025157311758,0.009013506859685938,0.011399084520204106
2022-03-15 14:00:00+00:00,0.009154302627197852,0.0010998538401303382,0.003857642842068687,-0.0016111467169407367,0.0019130366921777942,0.0034859130972486607
2022-03-15 15:00:00+00:00,-0.0013813464227208083,0.0009887612960362002,0.0034624993054890307,0.027141994934333002,0.003436586152373744,0.0021819952128250275
2022-03-15 16:00:00+00:00,0.00456148383876509,0.0018659244140331044,0.0013357385515766484,-0.007998931165558054,-0.003245018286691548,-0.004375774700587143
2022-03-15 17:00:00+00:00,0.002873585277162194,0.0010955161152921278,-0.0027790129229019467,-0.0018718107866131373,-0.00029156922769457694,-0.00021298405335345993
2022-03-15 18:00:00+00:00,0.0004911775427385301,0.0,-0.0015048727857343014,-0.0050490259039517316,0.008057799633989227,0.00869721814548341
2022-03-15 19:00:00+00:00,0.009225351832789608,-0.0010943172730842887,-0.0012838165524692302,-0.0055097125719411055,-0.000476463472569133,0.0003779236658365548
2022-03-15 20:00:00+00:00,-0.005865443610538534,-0.00010957120113619379,0.0,0.0,0.0,0.0
2022-03-15 21:00:00+00:00,0.004334348645945507,0.0003286843190546396,0.0,0.0,0.0,0.0
2022-03-15 22:00:00+00:00,-0.003065036476931682,-0.0014238524865323177,0.0,0.0,0.0,0.0
2022-03-15 23:00:00+00:00,-0.0037558378041449014,-0.0004387482357888217,0.0,0.0,0.0,0.0
2022-03-16 00:00:00+00:00,-0.004033389787817643,0.0013168224608981483,0.0,0.0,0.0,0.0
2022-03-16 01:00:00+00:00,0.006920895014302042,-0.0009863343699642035,0.0,0.0,0.0,0.0
2022-03-16 02:00:00+00:00,0.03446493217059632,-0.0004387963732442879,0.0,0.0,0.0,0.0
2022-03-16 03:00:00+00:00,-0.04016015523244387,0.0,0.0,0.0,0.0,0.0
2022-03-16 04:00:00+00:00,-0.0006073951859444371,0.00032922539668112094,0.0,0.0,0.0,0.0
2022-03-16 05:00:00+00:00,0.0030521901165068144,-0.0012068060855199292,0.0,0.0,0.0,0.0
2022-03-16 06:00:00+00:00,0.006509806433440568,0.00010986005805802002,0.0,0.0,0.0,0.0
2022-03-16 07:00:00+00:00,0.0005420138824725473,0.0020867844946748093,0.0,0.0,0.0,0.0
2022-03-16 08:00:00+00:00,0.018936999661832266,-0.003178435295774662,0.0,0.0,0.0,0.0
2022-03-16 09:00:00+00:00,0.004414604708472325,0.0005497782995576017,0.0,0.0,0.0,0.0
2022-03-16 10:00:00+00:00,-0.003826899019989227,-0.0010989524189233268,0.0,0.0,0.0,0.0
2022-03-16 11:00:00+00:00,0.005186489958471485,-0.0013200888181356119,0.0,0.0,0.0,0.0
2022-03-16 12:00:00+00:00,-0.0031178683772281612,0.0019828162924875326,0.0,0.0,0.0,0.0
2022-03-16 13:00:00+00:00,0.003463177766984682,-0.0007695656698221143,-0.004080011932762084,0.0067066152271111346,0.013046232234717126,0.01785971201595249
2022-03-16 14:00:00+00:00,0.0054519402172934495,-0.0016503580737963208,0.002435035186241219,0.0053583649650263965,-0.0015247529258911596,-0.0014497219284340668
2022-03-16 15:00:00+00:00,-0.0027570860051966406,0.002314294486353674,-0.0023177271444357883,0.0050417528572863635,0.00031126398040326464,8.306134593194514e-05
2022-03-16 16:00:00+00:00,-0.008532220711254812,-0.0008796190650454117,-2.7484843949432403e-05,-0.01590931681759422,-0.004422163568958082,-0.005377465559168848
2022-03-16 17:00:00+00:00,0.0006400933751353755,0.0014306557967174172,-0.0027776724115565754,-0.006991018516337322,-0.008501363241894211,-0.009748153717564878
2022-03-16 18:00:00+00:00,-0.008396371980120554,-0.0016483631287772527,0.007877968845831695,0.006013435477848272,0.01141026921898125,0.015378935008950823
2022-03-16 19:00:00+00:00,0.020134165260565773,-0.0038525528731243597,0.005024810973242477,-0.004665398919804886,0.005185711043512731,0.005810902496215853
2022-03-16 20:00:00+00:00,0.010306117915944046,0.000994508469128741,0.0,0.0,0.0,0.0
2022-03-16 21:00:00+00:00,-0.002853539110600267,0.0002207457587866113,0.0,0.0,0.0,0.0
2022-03-16 22:00:00+00:00,-0.004039003276629538,0.0013243795897006638,0.0,0.0,0.0,0.0
2022-03-16 23:00:00+00:00,0.005215127093794125,-0.0006612811168699162,0.0,0.0,0.0,0.0
2022-03-17 00:00:00+00:00,-0.003744250348757139,-0.002647006271799368,0.0,0.0,0.0,0.0
2022-03-17 01:00:00+00:00,0.0029743381392550727,0.001769354339900886,0.0,0.0,0.0,0.0
2022-03-17 02:00:00+00:00,-0.00042863966566109024,-0.0005519630910457707,0.0,0.0,0.0,0.0
2022-03-17 03:00:00+00:00,-0.0016400216996844685,0.00033140025296773956,0.0,0.0,0.0,0.0
2022-03-17 04:00:00+00:00,0.0043610600962096235,0.00044158899647084304,0.0,0.0,0.0,0.0
2022-03-17 05:00:00+00:00,-0.0032163810036182072,0.0007725383152754617,0.0,0.0,0.0,0.0
2022-03-17 06:00:00+00:00,-0.00670788279638157,-0.0009924686360783808,0.0,0.0,0.0,0.0
2022-03-17 07:00:00+00:00,-0.001605320370021146,-0.0008831146272521018,0.0,0.0,0.0,0.0
2022-03-17 08:00:00+00:00,0.0025128675753209873,-0.0008838952080392204,0.0,0.0,0.0,0.0
2022-03-17 09:00:00+00:00,-0.0010172803760915006,0.0,0.0,0.0,0.0,0.0
2022-03-17 10:00:00+00:00,-0.0017853087482139207,0.0007740760455889895,0.0,0.0,0.0,0.0
2022-03-17 11:00:00+00:00,0.0005945686979098586,-0.0005524461615266096,0.0,0.0,0.0,0.0
2022-03-17 12:00:00+00:00,0.005497474944029301,0.0005527515269860839,0.0,0.0,0.0,0.0
2022-03-17 13:00:00+00:00,0.0006991690336948242,-0.0018784354998687691,0.009610638515199055,0.0684049513398377,0.0015566316349058251,0.0020443828709664214
2022-03-17 14:00:00+00:00,-0.003346978911641707,-0.0012177612473992516,0.0009628468563862569,0.006032284031868063,-0.0030669789364448086,-0.002127195941847737
2022-03-17 15:00:00+00:00,-0.00011479864451569011,-0.0024384919958532203,-0.002721024299568997,0.0036795350581504405,0.005878238859654994,0.004662670390827461
2022-03-17 16:00:00+00:00,-0.001516739726564298,-0.0022221936708607393,-0.0004960662484784217,-0.002987117666600758,0.0025098401879268817,0.002731645038262398
2022-03-17 17:00:00+00:00,0.0006059515761491774,0.0005568188908227079,-0.0009375071263922896,0.005311172382236107,-0.0003834542727078061,-0.0008450436046059107
2022-03-17 18:00:00+00:00,-0.0006570626629380794,0.002225903388469286,-0.0009383868707705245,0.0030479338262157096,0.0012900262163677567,0.0017667643923062748
2022-03-17 19:00:00+00:00,0.0005637583609874319,0.0002220694984200744,-0.0007735200033118783,-0.004794324212542778,0.003952136524959959,0.0036547480389523823
2022-03-17 20:00:00+00:00,-0.002070414970068657,0.0005551497501397051,0.0,0.0,0.0,0.0
2022-03-17 21:00:00+00:00,0.004013446686144784,0.00011098157381783658,0.0,0.0,0.0,0.0
2022-03-17 22:00:00+00:00,0.0015322392478456237,-0.00011096925827491777,0.0,0.0,0.0,0.0
2022-03-17 23:00:00+00:00,-0.0002531865264715494,-0.0004438601560740052,0.0,0.0,0.0,0.0
2022-03-18 00:00:00+00:00,-0.00842337403308091,-0.00011103085599095674,0.0,0.0,0.0,0.0
2022-03-18 01:00:00+00:00,-0.00130702330468635,0.0008882131298573182,0.0,0.0,0.0,0.0
2022-03-18 02:00:00+00:00,2.2539465737603237e-05,0.0003327678109787957,0.0,0.0,0.0,0.0
2022-03-18 03:00:00+00:00,-0.00014457681854718185,-0.00011084164100338967,0.0,0.0,0.0,0.0
2022-03-18 04:00:00+00:00,0.0017239015799108692,0.0008871619384855922,0.0,0.0,0.0,0.0
2022-03-18 05:00:00+00:00,0.00402984377046578,-0.0005539764818887072,0.0,0.0,0.0,0.0
2022-03-18 06:00:00+00:00,-0.0005704804890117599,0.0,0.0,0.0,0.0,0.0
2022-03-18 07:00:00+00:00,-0.003273509861547841,0.00044346648187021387,0.0,0.0,0.0,0.0
2022-03-18 08:00:00+00:00,-0.0008624826674156205,0.0009973077512457351,0.0,0.0,0.0,0.0
2022-03-18 09:00:00+00:00,-0.0009757258013216585,0.0005535518344315093,0.0,0.0,0.0,0.0
2022-03-18 10:00:00+00:00,-0.0024303782836115895,0.001991591775060142,0.0,0.0,0.0,0.0
2022-03-18 11:00:00+00:00,-0.00013654091833903426,0.0015459296366389097,0.0,0.0,0.0,0.0
2022-03-18 12:00:00+00:00,0.0011062869937348285,0.00022047803976277258,0.0,0.0,0.0,0.0
2022-03-18 13:00:00+00:00,0.0015106245847567035,-0.0005511064506654728,-0.0027094579852185996,0.007735102129728499,-0.0026895533897485224,0.0009681793920719439
2022-03-18 14:00:00+00:00,0.000995225192335969,-0.0003308593494752987,0.001607858090216574,-0.004578561237601586,-0.0007112769153651,2.9420996991325055e-05
2022-03-18 15:00:00+00:00,0.007047987942919498,-0.0017652548989536276,-0.0022690111510373923,0.007053577713415082,0.002715670647830848,0.0027226893804828123
2022-03-18 16:00:00+00:00,0.012509526863653253,-0.0011052023959117196,-0.0011102066801188526,0.004548546440094503,0.003383806902984121,0.002925421173179732
2022-03-18 17:00:00+00:00,0.004370021379648925,-0.0001106623066510215,-0.0006736953942507728,-0.0004011604678599845,-0.0005390452309699256,-0.00025680316680642967
2022-03-18 18:00:00+00:00,0.0031197018932731524,0.0008852645207586551,-0.0037722353167867206,-0.0004013214621655381,0.003885050984720806,0.004231135134944886
2022-03-18 19:00:00+00:00,0.004624580022188907,0.0,0.00011152093873723068,-0.0009368267355545079,0.0017989777291311793,0.0012294201120115478
2022-03-18 20:00:00+00:00,-0.0009488170276852337,0.0002210874312158495,0.0,0.0,0.0,0.0
2022-03-18 21:00:00+00:00,-0.0010789791052676634,-0.0006631815704306598,0.0,0.0,0.0,0.0
2022-03-18 22:00:00+00:00,-0.001436673547165368,0.0,0.0,0.0,0.0,0.0
2022-03-18 23:00:00+00:00,0.0016712482059015876,0.0,0.0,0.0,0.0,0.0
2022-03-19 00:00:00+00:00,0.0019112280749604693,0.0,0.0,0.0,0.0,0.0
2022-03-19 01:00:00+00:00,-0.003244129786447947,0.0,0.0,0.0,0.0,0.0
2022-03-19 02:00:00+00:00,0.0001485313448839065,0.0,0.0,0.0,0.0,0.0
2022-03-19 03:00:00+00:00,-3.1796698641839427e-06,0.0,0.0,0.0,0.0,0.0
2022-03-19 04:00:00+00:00,0.0008146527134826886,0.0,0.0,0.0,0.0,0.0
2022-03-19 05:00:00+00:00,-0.0012016882317998911,0.0,0.0,0.0,0.0,0.0
2022-03-19 06:00:00+00:00,0.0003403578210401381,0.0,0.0,0.0,0.0,0.0
2022-03-19 07:00:00+00:00,-0.0035677714306877606,0.0,0.0,0.0,0.0,0.0
2022-03-19 08:00:00+00:00,0.0022633240603435745,0.0,0.0,0.0,0.0,0.0
2022-03-19 09:00:00+00:00,-0.000560666881743499,0.0,0.0,0.0,0.0,0.0
2022-03-19 10:00:00+00:00,0.00041940083025626684,0.0,0.0,0.0,0.0,0.0
2022-03-19 11:00:00+00:00,0.0005975548579710832,0.0,0.0,0.0,0.0,0.0
2022-03-19 12:00:00+00:00,0.0023888856023237537,0.0,0.0,0.0,0.0,0.0
2022-03-19 13:00:00+00:00,-0.0017149535263002447,0.0,0.0,0.0,0.0,0.0
2022-03-19 14:00:00+00:00,0.001648023737229165,0.0,0.0,0.0,0.0,0.0
2022-03-19 15:00:00+00:00,0.0036685662436619637,0.0,0.0,0.0,0.0,0.0
2022-03-19 16:00:00+00:00,0.0006023849194973785,0.0,0.0,0.0,0.0,0.0
2022-03-19 17:00:00+00:00,-0.0027361605318327875,0.0,0.0,0.0,0.0,0.0
2022-03-19 18:00:00+00:00,0.002446679424572107,0.0,0.0,0.0,0.0,0.0
2022-03-19 19:00:00+00:00,0.0011338933656541705,0.0,0.0,0.0,0.0,0.0
2022-03-19 20:00:00+00:00,0.005073605655055102,0.0,0.0,0.0,0.0,0.0
2022-03-19 21:00:00+00:00,-0.001771410896146075,0.0,0.0,0.0,0.0,0.0
2022-03-19 22:00:00+00:00,-0.005352371561048508,0.0,0.0,0.0,0.0,0.0
2022-03-19 23:00:00+00:00,0.005606490926601593,0.0,0.0,0.0,0.0,0.0
2022-03-20 00:00:00+00:00,-0.004159667071087725,0.0,0.0,0.0,0.0,0.0
2022-03-20 01:00:00+00:00,-0.0017149051335306753,0.0,0.0,0.0,0.0,0.0
2022-03-20 02:00:00+00:00,-0.002211366558221739,0.0,0.0,0.0,0.0,0.0
2022-03-20 03:00:00+00:00,0.0021770646925358683,0.0,0.0,0.0,0.0,0.0
2022-03-20 04:00:00+00:00,-0.001525682808485751,0.0,0.0,0.0,0.0,0.0
2022-03-20 05:00:00+00:00,0.0005522155737665013,0.0,0.0,0.0,0.0,0.0
2022-03-20 06:00:00+00:00,0.000558250315973563,0.0,0.0,0.0,0.0,0.0
2022-03-20 07:00:00+00:00,-0.001745189477914355,0.0,0.0,0.0,0.0,0.0
2022-03-20 08:00:00+00:00,0.0010898267991172883,0.0,0.0,0.0,0.0,0.0
2022-03-20 09:00:00+00:00,-0.0030083060574966902,0.0,0.0,0.0,0.0,0.0
2022-03-20 10:00:00+00:00,0.00027466464167336113,0.0,0.0,0.0,0.0,0.0
2022-03-20 11:00:00+00:00,-0.0030863940713410365,0.0,0.0,0.0,0.0,0.0
2022-03-20 12:00:00+00:00,0.0002878186320596221,0.0,0.0,0.0,0.0,0.0
2022-03-20 13:00:00+00:00,-0.003632652961728766,0.0,0.0,0.0,0.0,0.0
2022-03-20 14:00:00+00:00,-0.002363161702214178,0.0,0.0,0.0,0.0,0.0
2022-03-20 15:00:00+00:00,-0.0006748615897079757,0.0,0.0,0.0,0.0,0.0
2022-03-20 16:00:00+00:00,-0.0017419506279318098,0.0,0.0,0.0,0.0,0.0
2022-03-20 17:00:00+00:00,-0.007357683209564425,0.0,0.0,0.0,0.0,0.0
2022-03-20 18:00:00+00:00,0.004475297235555065,0.0,0.0,0.0,0.0,0.0
2022-03-20 19:00:00+00:00,0.004170408702897532,0.0,0.0,0.0,0.0,0.0
2022-03-20 20:00:00+00:00,-0.00035336192901991303,0.0,0.0,0.0,0.0,0.0
2022-03-20 21:00:00+00:00,-5.828470842583755e-05,0.0,0.0,0.0,0.0,0.0
2022-03-20 22:00:00+00:00,-0.0005288441100199659,0.0,0.0,0.0,0.0,0.0
2022-03-20 23:00:00+00:00,-0.0019865304971231623,0.0,0.0,0.0,0.0,0.0
2022-03-21 00:00:00+00:00,0.003035306786276948,0.0009954325081398263,0.0,0.0,0.0,0.0
2022-03-21 01:00:00+00:00,-0.003423825847076123,0.00011051557690056057,0.0,0.0,0.0,0.0
2022-03-21 02:00:00+00:00,-0.010659695374201195,-0.0004419476040197212,0.0,0.0,0.0,0.0
2022-03-21 03:00:00+00:00,0.001917062942353498,0.0004421430080627786,0.0,0.0,0.0,0.0
2022-03-21 04:00:00+00:00,0.000669372769135812,0.0003314442394621864,0.0,0.0,0.0,0.0
2022-03-21 05:00:00+00:00,0.001338614176128461,-0.00033133442057720064,0.0,0.0,0.0,0.0
2022-03-21 06:00:00+00:00,-0.0011668359876181311,0.0007733918434820186,0.0,0.0,0.0,0.0
2022-03-21 07:00:00+00:00,0.0048169111525002695,-0.0012144002402610932,0.0,0.0,0.0,0.0
2022-03-21 08:00:00+00:00,0.0025944623526374944,-0.0006631815704306598,0.0,0.0,0.0,0.0
2022-03-21 09:00:00+00:00,0.0019773330026717773,-0.00022118524834802145,0.0,0.0,0.0,0.0
2022-03-21 10:00:00+00:00,0.001433287193892463,0.0009956527318366604,0.0,0.0,0.0,0.0
2022-03-21 11:00:00+00:00,-0.0017740937529848733,0.0012157423983159,0.0,0.0,0.0,0.0
2022-03-21 12:00:00+00:00,-0.0019961610031478116,0.0002207457587866113,0.0,0.0,0.0,0.0
2022-03-21 13:00:00+00:00,0.0008395694894776096,0.0,0.007642588519237714,0.0530475419092904,-0.004712529196776227,-0.0036120678119943017
2022-03-21 14:00:00+00:00,-0.005822783874571802,-0.0007725383152759058,-0.0006089830447768563,-0.008603231695422098,0.0012821483328568917,0.005709844499277139
2022-03-21 15:00:00+00:00,0.00524671342950489,-0.00022086766958795412,0.0012740733552829564,0.009320772367807706,0.00032159355133831724,-9.619056956822192e-05
2022-03-21 16:00:00+00:00,-0.0074836394052189,0.00022091646289212896,-0.0037067671864193796,-0.004959390937288255,-0.0069708091444887765,-0.009251562100589195
2022-03-21 17:00:00+00:00,0.003555049048500125,0.0011045358451109433,0.0017769439258998876,0.010221069197256405,0.003260188486604587,0.0048890728230484015
2022-03-21 18:00:00+00:00,-0.0008828771801235868,0.001213596303091924,0.0021618592175352003,0.005817618391906532,-0.00021739445499213694,-0.00015278051209444143
2022-03-21 19:00:00+00:00,0.003260909952697011,0.00022035655858587688,-0.0007743757666213158,-0.00012576557756804885,0.0018897044966947885,0.002282514477973452
2022-03-21 20:00:00+00:00,0.0017217807111749028,-0.00011018683892394243,0.0,0.0,0.0,0.0
2022-03-21 21:00:00+00:00,0.0019914664708979846,-0.00033053127139104355,0.0,0.0,0.0,0.0
2022-03-21 22:00:00+00:00,-0.0024722988708564264,-0.00033064055843479156,0.0,0.0,0.0,0.0
2022-03-21 23:00:00+00:00,-0.0025344803907360047,0.00022047803976277258,0.0,0.0,0.0,0.0
2022-03-22 00:00:00+00:00,0.001502377845746139,0.0029762245003215337,0.0,0.0,0.0,0.0
2022-03-22 01:00:00+00:00,0.0004995033449919362,-0.0006593915242967263,0.0,0.0,0.0,0.0
2022-03-22 02:00:00+00:00,0.01726359669921096,-0.0006598921584008988,0.0,0.0,0.0,0.0
2022-03-22 03:00:00+00:00,0.008686110972735861,-0.0003301311551452413,0.0,0.0,0.0,0.0
2022-03-22 04:00:00+00:00,0.01770492512823285,0.0016512665035608443,0.0,0.0,0.0,0.0
2022-03-22 05:00:00+00:00,-0.0026927917385672906,0.0004396161851336622,0.0,0.0,0.0,0.0
2022-03-22 06:00:00+00:00,-0.016389721648091382,0.0013182035449801344,0.0,0.0,0.0,0.0
2022-03-22 07:00:00+00:00,0.001949662107048722,-0.0013164681719689542,0.0,0.0,0.0,0.0
2022-03-22 08:00:00+00:00,0.006080676702845178,-0.002306921681737628,0.0,0.0,0.0,0.0
2022-03-22 09:00:00+00:00,-0.0001409731595926056,0.0011010648505342946,0.0,0.0,0.0,0.0
2022-03-22 10:00:00+00:00,0.007671896154125335,-0.0005499596986858757,0.0,0.0,0.0,0.0
2022-03-22 11:00:00+00:00,0.002441022160927675,0.00044019673796569236,0.0,0.0,0.0,0.0
2022-03-22 12:00:00+00:00,-0.0010300993557715854,-0.0017599466357794968,0.0,0.0,0.0,0.0
2022-03-22 13:00:00+00:00,-0.0024818558466932483,-0.0019834717474649377,-0.011513903363083,-0.018926022597477,0.0069754182323273906,0.009165191905063708
2022-03-22 14:00:00+00:00,0.0008436184813715997,0.0002207944982353105,0.00016799450112814363,0.00044867861799935405,-0.0004896531309344088,0.001992232138315897
2022-03-22 15:00:00+00:00,-0.004150764647192329,0.001214266163458655,0.004535260531426166,0.0014733870502641189,-0.0007814478573358041,-0.002801762883146708
2022-03-22 16:00:00+00:00,-0.0022820102578234858,0.0005512936737916974,-0.0003344159041808181,0.015863850179053784,0.0021234059422321483,0.0019494649960811739
2022-03-22 17:00:00+00:00,0.0009145613314838208,-0.0008815575944395304,0.0006133292813386149,-0.007115451798905714,-0.0021853047341502396,-0.0009229511297377258
2022-03-22 18:00:00+00:00,-9.843651078988991e-05,0.0003308593494752987,-0.00011146925059923873,-0.004946720037593444,0.0007605293581081085,0.0009859328108421384
2022-03-22 19:00:00+00:00,-0.0045472419741573455,-0.000771771713554803,-0.00044584167390882,0.0016571687427633375,0.001141836514754635,0.0010715100828859736
2022-03-22 20:00:00+00:00,0.004870784619649848,-0.00033100537836061594,0.0,0.0,0.0,0.0
2022-03-22 21:00:00+00:00,0.004718857516973651,0.00044150856852920306,0.0,0.0,0.0,0.0
2022-03-22 22:00:00+00:00,-0.00627364014910603,-0.00066200346698575,0.0,0.0,0.0,0.0
2022-03-22 23:00:00+00:00,-0.003878418408569617,0.0008832121389752423,0.0,0.0,0.0,0.0
2022-03-23 00:00:00+00:00,0.0012895702695905342,0.0001103205317685152,0.0,0.0,0.0,0.0
2022-03-23 01:00:00+00:00,-0.002170831518089944,0.0,0.0,0.0,0.0,0.0
2022-03-23 02:00:00+00:00,0.0012609888844490325,-0.00044116771196656135,0.0,0.0,0.0,0.0
2022-03-23 03:00:00+00:00,-0.005496430330272584,0.00033100537836072697,0.0,0.0,0.0,0.0
2022-03-23 04:00:00+00:00,-0.004494604500110855,-0.00011032053176873724,0.0,0.0,0.0,0.0
2022-03-23 05:00:00+00:00,0.0026525463224855717,-0.001103129779796319,0.0,0.0,0.0,0.0
2022-03-23 06:00:00+00:00,0.003917028500591835,0.0008835047452342426,0.0,0.0,0.0,0.0
2022-03-23 07:00:00+00:00,-0.002613004633397642,0.001434378561900429,0.0,0.0,0.0,0.0
2022-03-23 08:00:00+00:00,0.0037940804701965813,-0.00011013330858766768,0.0,0.0,0.0,0.0
2022-03-23 09:00:00+00:00,-0.0025384298805869454,0.001542692950245339,0.0,0.0,0.0,0.0
2022-03-23 10:00:00+00:00,0.0008979185298036985,-0.00011004135928760483,0.0,0.0,0.0,0.0
2022-03-23 11:00:00+00:00,-0.0035456926498096397,0.0015404862317076606,0.0,0.0,0.0,0.0
2022-03-23 12:00:00+00:00,0.006618492489886885,-0.00032958709867891844,0.0,0.0,0.0,0.0
2022-03-23 13:00:00+00:00,-0.00607468106886333,0.001978240079698157,0.004509918170320093,0.03519211063534455,-0.006262055629483232,-0.004567221934697718
2022-03-23 14:00:00+00:00,0.005672790481713763,-0.0013162447073665762,0.0005056087423394029,0.010025132000213155,-0.0008574604876675496,0.0011375600928484886
2022-03-23 15:00:00+00:00,0.007876024070060161,-0.00219656702118487,0.0009430720854639585,-0.002566906673632352,-0.001300006463308967,-0.0015677560176847738
2022-03-23 16:00:00+00:00,-0.0025430938826255245,0.000110024202043979,0.0020507143545775985,-0.0032946510447942057,-0.003393128501815501,-0.005053428074914601
2022-03-23 17:00:00+00:00,-0.009590070402172302,-0.00033016749522329913,0.0007743328942775296,0.0072232656180981625,0.0020003494367517582,0.0017661902503542937
2022-03-23 18:00:00+00:00,0.0003232897190439399,-0.0003302765418017328,0.0019067161271584254,-0.0006076993363715033,7.511827729667075e-05,-0.00027702523559147707
2022-03-23 19:00:00+00:00,0.0030876377893351847,0.0003303856604350841,0.002509870214652654,-0.0036487843262433817,-0.003576290419207817,-0.003976342757820772
2022-03-23 20:00:00+00:00,0.0014064762586216695,-0.00022016248713396802,0.0,0.0,0.0,0.0
2022-03-23 21:00:00+00:00,0.0014571857906808816,-0.0003303492723192303,0.0,0.0,0.0,0.0
2022-03-23 22:00:00+00:00,0.0025225250458202897,0.0008812006179501619,0.0,0.0,0.0,0.0
2022-03-23 23:00:00+00:00,0.009149002691434482,-0.00033016749522329913,0.0,0.0,0.0,0.0
2022-03-24 00:00:00+00:00,0.00438176377580457,0.00033027654180184385,0.0,0.0,0.0,0.0
2022-03-24 01:00:00+00:00,-0.0056368509037159065,0.0013207355814288668,0.0,0.0,0.0,0.0
2022-03-24 02:00:00+00:00,0.001976531650174973,0.00032973200642993916,0.0,0.0,0.0,0.0
2022-03-24 03:00:00+00:00,-0.004158854992113881,0.0,0.0,0.0,0.0,0.0
2022-03-24 04:00:00+00:00,0.003920435447974269,-0.00010983077808146557,0.0,0.0,0.0,0.0
2022-03-24 05:00:00+00:00,0.0015628695191014508,0.0007692273934820637,0.0,0.0,0.0,0.0
2022-03-24 06:00:00+00:00,0.004198866626840214,-0.0013176899996997227,0.0,0.0,0.0,0.0
2022-03-24 07:00:00+00:00,-0.0011125964233640318,0.001099491063497382,0.0,0.0,0.0,0.0
2022-03-24 08:00:00+00:00,-0.0004833900036759209,0.0,0.0,0.0,0.0,0.0
2022-03-24 09:00:00+00:00,-0.0009992474143124541,-0.0009884355204407003,0.0,0.0,0.0,0.0
2022-03-24 10:00:00+00:00,-0.0002879237449433525,0.0002198478220585276,0.0,0.0,0.0,0.0
2022-03-24 11:00:00+00:00,-0.0017761470208238483,0.0,0.0,0.0,0.0,0.0
2022-03-24 12:00:00+00:00,-0.0031382478514736523,0.0006594640128601004,0.0,0.0,0.0,0.0
2022-03-24 13:00:00+00:00,0.003917075807087889,0.0006590948775162531,0.006767886488180386,-0.015624985448084439,0.003984456481091803,0.0034222135098760376
2022-03-24 14:00:00+00:00,0.008909257232076362,-0.002085639114883575,0.0002732855190696881,0.0031001984361633816,0.0028097824505184388,0.006011473232454989
2022-03-24 15:00:00+00:00,0.011971246817482184,-0.000989957689290999,0.002248882999473567,-0.002719757972099557,-0.0016571368686189025,-0.002071850116455387
2022-03-24 16:00:00+00:00,0.0022069151848294055,0.0018718168088507348,-0.001657797324814747,0.004586621482340236,0.001706831329681524,0.002042758258812949
2022-03-24 17:00:00+00:00,-0.0019256330565291524,-0.0005495366081190722,0.0005870126961391442,-0.009007938656053538,0.00021884835401309033,-0.00011115655793292323
2022-03-24 18:00:00+00:00,0.0016221436441870019,-0.000659754083318087,-0.00046392181397680865,-0.006350324023654097,0.0025575268547093355,0.0032772031637977594
2022-03-24 19:00:00+00:00,-0.0008269456004806885,0.00011005346972114971,-0.00021836356792570566,0.0,0.0004508989713782885,0.0016887060882042615
2022-03-24 20:00:00+00:00,-0.0015170253537474254,0.00010997578040816691,0.0,0.0,0.0,0.0
2022-03-24 21:00:00+00:00,0.0029019963901106838,-0.00044005146326786537,0.0,0.0,0.0,0.0
2022-03-24 22:00:00+00:00,-0.0010689316666723236,-0.00022008979663690198,0.0,0.0,0.0,0.0
2022-03-24 23:00:00+00:00,5.963131495412277e-05,-0.00033024017771698944,0.0,0.0,0.0,0.0
2022-03-25 00:00:00+00:00,0.0001536458953530495,0.0,0.0,0.0,0.0,0.0
2022-03-25 01:00:00+00:00,0.004419062065271762,-0.00209229957355872,0.0,0.0,0.0,0.0
2022-03-25 02:00:00+00:00,-0.005069081091055527,0.00022073845696035654,0.0,0.0,0.0,0.0
2022-03-25 03:00:00+00:00,0.00034452685526820126,0.0001102791113674062,0.0,0.0,0.0,0.0
2022-03-25 04:00:00+00:00,0.0019587271881786883,-0.00022059965495713207,0.0,0.0,0.0,0.0
2022-03-25 05:00:00+00:00,0.0004909865165434457,0.00022064832990253969,0.0,0.0,0.0,0.0
2022-03-25 06:00:00+00:00,0.0006498943101620469,0.00011033270373128623,0.0,0.0,0.0,0.0
2022-03-25 07:00:00+00:00,-0.00311312503616179,0.0003308958500545245,0.0,0.0,0.0,0.0
2022-03-25 08:00:00+00:00,0.000558797157787172,0.0007718568276566806,0.0,0.0,0.0,0.0
2022-03-25 09:00:00+00:00,0.0037717951977389585,0.0008814605055849078,0.0,0.0,0.0,0.0
2022-03-25 10:00:00+00:00,0.0019317328718224669,-0.0007705822863317557,0.0,0.0,0.0,0.0
2022-03-25 11:00:00+00:00,0.008537982553060264,-0.0003304948511947403,0.0,0.0,0.0,0.0
2022-03-25 12:00:00+00:00,0.00494649327082497,0.0012122588767500275,0.0,0.0,0.0,0.0
2022-03-25 13:00:00+00:00,0.002541772443129142,-0.00044029363143571754,-0.0048331303800234204,-0.012280743351575696,0.0056652140996180655,0.0032854052840656234
2022-03-25 14:00:00+00:00,-0.0021162506141430004,-0.0009911134536103594,0.003155422850778189,0.02778359893118787,-0.006685416725428439,-0.006209694108607611
2022-03-25 15:00:00+00:00,-0.013235168702166344,0.0033069015110751554,-0.0009299680859260473,0.0024700206156826887,0.0018437926848204889,0.0026227168646750787
2022-03-25 16:00:00+00:00,-0.001011162335253557,-0.00032958709867891844,-0.0013415669354756021,-0.007018836365597303,-0.0010253059131110076,-0.0005708914107912522
2022-03-25 17:00:00+00:00,0.001326870095927024,-0.0004396161851337732,0.0001371228775755018,0.012405808103696181,0.0027139497014654346,0.0038950482156021593
2022-03-25 18:00:00+00:00,0.0044737858635144345,0.0005497782995576017,0.0005481653567194211,-0.007721686596227517,-0.0031641611256418845,-0.0036042129570292847
2022-03-25 19:00:00+00:00,-0.0015157516219737044,0.00021975118402028926,-0.0006574714853933017,-0.003086038679268155,0.005143157989117686,0.005722484782016979
2022-03-25 20:00:00+00:00,0.0026186671547336893,0.0003295870986785854,0.0,0.0,0.0,0.0
2022-03-25 21:00:00+00:00,0.0001520055606654136,-0.0003294785068134187,0.0,0.0,0.0,0.0
2022-03-25 22:00:00+00:00,-0.003746209652255028,0.0,0.0,0.0,0.0,0.0
2022-03-25 23:00:00+00:00,0.000434496924258454,0.0,0.0,0.0,0.0,0.0
2022-03-26 00:00:00+00:00,-0.0033196889708690946,0.0,0.0,0.0,0.0,0.0
2022-03-26 01:00:00+00:00,0.001526422613951084,0.0,0.0,0.0,0.0,0.0
2022-03-26 02:00:00+00:00,-0.0006984558912183081,0.0,0.0,0.0,0.0,0.0
2022-03-26 03:00:00+00:00,0.003302574733794028,0.0,0.0,0.0,0.0,0.0
2022-03-26 04:00:00+00:00,0.0006396380656696898,0.0,0.0,0.0,0.0,0.0
2022-03-26 05:00:00+00:00,0.0012680844232655364,0.0,0.0,0.0,0.0,0.0
2022-03-26 06:00:00+00:00,-0.0013860668583652869,0.0,0.0,0.0,0.0,0.0
2022-03-26 07:00:00+00:00,0.002350510297165931,0.0,0.0,0.0,0.0,0.0
2022-03-26 08:00:00+00:00,-0.0007745608599573073,0.0,0.0,0.0,0.0,0.0
2022-03-26 09:00:00+00:00,-0.0003147172311765978,0.0,0.0,0.0,0.0,0.0
2022-03-26 10:00:00+00:00,-0.0009523522661900596,0.0,0.0,0.0,0.0,0.0
2022-03-26 11:00:00+00:00,-0.0009322523448703768,0.0,0.0,0.0,0.0,0.0
2022-03-26 12:00:00+00:00,-0.0008503325050839283,0.0,0.0,0.0,0.0,0.0
2022-03-26 13:00:00+00:00,-0.00207564370534985,0.0,0.0,0.0,0.0,0.0
2022-03-26 14:00:00+00:00,-0.0008705623138992591,0.0,0.0,0.0,0.0,0.0
2022-03-26 15:00:00+00:00,0.00026962726172707896,0.0,0.0,0.0,0.0,0.0
2022-03-26 16:00:00+00:00,0.0011831971698623711,0.0,0.0,0.0,0.0,0.0
2022-03-26 17:00:00+00:00,0.002078487988836919,0.0,0.0,0.0,0.0,0.0
2022-03-26 18:00:00+00:00,0.0012160454638019402,0.0,0.0,0.0,0.0,0.0
2022-03-26 19:00:00+00:00,-0.0018313456764947889,0.0,0.0,0.0,0.0,0.0
2022-03-26 20:00:00+00:00,0.005454715968455481,0.0,0.0,0.0,0.0,0.0
2022-03-26 21:00:00+00:00,-0.0039856405536912165,0.0,0.0,0.0,0.0,0.0
2022-03-26 22:00:00+00:00,-0.00025139633119630744,0.0,0.0,0.0,0.0,0.0
2022-03-26 23:00:00+00:00,0.0017859872562167034,0.0,0.0,0.0,0.0,0.0
2022-03-27 00:00:00+00:00,0.004578782236375867,0.0,0.0,0.0,0.0,0.0
2022-03-27 01:00:00+00:00,-0.00015836281515246853,0.0,0.0,0.0,0.0,0.0
2022-03-27 02:00:00+00:00,0.00036389007670090123,0.0,0.0,0.0,0.0,0.0
2022-03-27 03:00:00+00:00,-0.00010695158195284105,0.0,0.0,0.0,0.0,0.0
2022-03-27 04:00:00+00:00,-0.0015932596517741482,0.0,0.0,0.0,0.0,0.0
2022-03-27 05:00:00+00:00,0.0006168066013274576,0.0,0.0,0.0,0.0,0.0
2022-03-27 06:00:00+00:00,0.00010733009436125762,0.0,0.0,0.0,0.0,0.0
2022-03-27 07:00:00+00:00,0.0013241205540086565,0.0,0.0,0.0,0.0,0.0
2022-03-27 08:00:00+00:00,-0.002061512939638299,0.0,0.0,0.0,0.0,0.0
2022-03-27 09:00:00+00:00,-0.0009897777525305074,0.0,0.0,0.0,0.0,0.0
2022-03-27 10:00:00+00:00,-0.0004070625617307311,0.0,0.0,0.0,0.0,0.0
2022-03-27 11:00:00+00:00,-0.0003286926892522857,0.0,0.0,0.0,0.0,0.0
2022-03-27 12:00:00+00:00,-0.002290119238939292,0.0,0.0,0.0,0.0,0.0
2022-03-27 13:00:00+00:00,0.0036105220123729964,0.0,0.0,0.0,0.0,0.0
2022-03-27 14:00:00+00:00,0.0009055128314696681,0.0,0.0,0.0,0.0,0.0
2022-03-27 15:00:00+00:00,0.004179822751439133,0.0,0.0,0.0,0.0,0.0
2022-03-27 16:00:00+00:00,0.0013294806853290098,0.0,0.0,0.0,0.0,0.0
2022-03-27 17:00:00+00:00,0.00020794495914455702,0.0,0.0,0.0,0.0,0.0
2022-03-27 18:00:00+00:00,-0.0007130420319879649,0.0,0.0,0.0,0.0,0.0
2022-03-27 19:00:00+00:00,-0.0008510902041580781,0.0,0.0,0.0,0.0,0.0
2022-03-27 20:00:00+00:00,0.027741451746765566,0.0,0.0,0.0,0.0,0.0
2022-03-27 21:00:00+00:00,0.01032819401820273,0.0,0.0,0.0,0.0,0.0
2022-03-27 22:00:00+00:00,0.0031085523114109392,0.0,0.0,0.0,0.0,0.0
2022-03-27 23:00:00+00:00,0.0026351017671399912,0.00010988419463187071,0.0,0.0,0.0,0.0
2022-03-28 00:00:00+00:00,0.00124305070003361,0.0009886526587352673,0.0,0.0,0.0,0.0
2022-03-28 01:00:00+00:00,-0.001558216825358838,0.0015364287934134246,0.0,0.0,0.0,0.0
2022-03-28 02:00:00+00:00,0.0022084918447533575,-0.00010952990509294214,0.0,0.0,0.0,0.0
2022-03-28 03:00:00+00:00,0.0017553060119563924,0.00010954190320711099,0.0,0.0,0.0,0.0
2022-03-28 04:00:00+00:00,0.0018279552552862288,-0.00010952990509294214,0.0,0.0,0.0,0.0
2022-03-28 05:00:00+00:00,0.0006928925946783071,0.0004382982531430102,0.0,0.0,0.0,0.0
2022-03-28 06:00:00+00:00,-0.0044572780207887686,-0.0005476654357035038,0.0,0.0,0.0,0.0
2022-03-28 07:00:00+00:00,0.001391525552749906,0.0005479655374882597,0.0,0.0,0.0,0.0
2022-03-28 08:00:00+00:00,0.0009142796120387153,-0.003505306896353644,0.0,0.0,0.0,0.0
2022-03-28 09:00:00+00:00,0.0016631951677599233,0.0008794257039581588,0.0,0.0,0.0,0.0
2022-03-28 10:00:00+00:00,0.0015816259954741785,-0.0010982835105923794,0.0,0.0,0.0,0.0
2022-03-28 11:00:00+00:00,0.0011423129634382523,0.0025288884281005064,0.0,0.0,0.0,0.0
2022-03-28 12:00:00+00:00,3.2761005733128457e-05,0.0005483261083893964,0.0,0.0,0.0,0.0
2022-03-28 13:00:00+00:00,0.009117436664337397,-0.0008769193799965658,-0.00943034830012035,-0.053491822443701764,-0.0027586789629240327,0.0002774026172791544
2022-03-28 14:00:00+00:00,-0.0012014118864601686,-0.000109662086449136,0.0007195709532854533,0.006148629064518962,-0.002092853048430876,-0.0008955868253429644
2022-03-28 15:00:00+00:00,-0.0027368177582569597,-0.0005486321636831715,0.0005254492206834271,0.00936150769764299,-0.002749927845361766,-0.003916152564545472
2022-03-28 16:00:00+00:00,0.0007822126296557208,-0.0018662686131191153,0.0009120942106521923,-0.012237498156041249,0.003003789714168592,0.0038341619162518548
2022-03-28 17:00:00+00:00,0.0019175711675325502,0.0009898487889445917,-0.00364522076112217,-0.005738164314750938,0.0009161923774325675,0.0012534538817381424
2022-03-28 18:00:00+00:00,0.006782828817603503,-0.00043951958956689463,-0.005764929719064171,-0.01954351922244224,0.003469188414847668,0.003530929307937747
2022-03-28 19:00:00+00:00,-0.0006113844363975218,0.00010994459329793926,-0.0016168225086193866,-0.002675544458089485,0.003040555877191764,0.0030494429799763356
2022-03-28 20:00:00+00:00,0.00114683296098117,0.00010993250681279321,0.0,0.0,0.0,0.0
2022-03-28 21:00:00+00:00,-0.006971305142271622,0.00010992042298529903,0.0,0.0,0.0,0.0
2022-03-28 22:00:00+00:00,0.00011767012174268565,-0.0003297250254415962,0.0,0.0,0.0,0.0
2022-03-28 23:00:00+00:00,-0.011239866606990723,-0.00010987907208592773,0.0,0.0,0.0,0.0
2022-03-29 00:00:00+00:00,0.007238786519319085,0.0015391313396444506,0.0,0.0,0.0,0.0
2022-03-29 01:00:00+00:00,0.0025525840217335283,-0.001646553752396973,0.0,0.0,0.0,0.0
2022-03-29 02:00:00+00:00,-0.002526938341093854,0.0,0.0,0.0,0.0,0.0
2022-03-29 03:00:00+00:00,-0.0015391496212758815,0.0,0.0,0.0,0.0,0.0
2022-03-29 04:00:00+00:00,0.0048732499559811515,0.0005497782995576017,0.0,0.0,0.0,0.0
2022-03-29 05:00:00+00:00,0.0013768073161937178,-0.00021981668362758278,0.0,0.0,0.0,0.0
2022-03-29 06:00:00+00:00,-0.0017457016913134948,-0.001428860532533327,0.0,0.0,0.0,0.0
2022-03-29 07:00:00+00:00,-0.0031990954117659953,0.00033020382163839734,0.0,0.0,0.0,0.0
2022-03-29 08:00:00+00:00,0.003170468097056567,0.0015404862317076606,0.0,0.0,0.0,0.0
2022-03-29 09:00:00+00:00,0.0007740325271090587,-0.004943937450615943,0.0,0.0,0.0,0.0
2022-03-29 10:00:00+00:00,0.00015751030301247582,-0.000662515115867901,0.0,0.0,0.0,0.0
2022-03-29 11:00:00+00:00,0.005586837002674372,-0.003204070738485165,0.0,0.0,0.0,0.0
2022-03-29 12:00:00+00:00,-0.00044747034397030205,-0.0032143698067255144,0.0,0.0,0.0,0.0
2022-03-29 13:00:00+00:00,-0.003244816250502214,-0.001334327517356848,-0.0032389669254022646,-0.0068410746526246236,0.006320709310510653,0.006104249048238808
2022-03-29 14:00:00+00:00,0.0025235702096502166,0.0030063146012859754,0.0002800593390686057,0.012020521051368416,0.0007717864201570723,0.0013642744238746563
2022-03-29 15:00:00+00:00,-0.006214687926840545,-0.0009990791982169567,0.0005601327841171511,-0.00269589587856911,-0.0030267313742339264,-0.001939392732483447
2022-03-29 16:00:00+00:00,-0.0005298923410043122,0.002666941849937432,-0.00011198092548858618,0.00863268764035574,-0.0009724249576087418,-0.0004564714997173924
2022-03-29 17:00:00+00:00,-0.0007766277574048353,0.00022162649138790513,0.0019035472286101918,0.003673740951158244,0.0029911927538470717,0.0035510822178952406
2022-03-29 18:00:00+00:00,0.0018564312624012036,-0.001329596391676957,0.0005587329066567559,0.004097786547799354,0.003177432255746959,0.003661990190255038
2022-03-29 19:00:00+00:00,0.0032496783765856296,0.0004438109012416813,0.0003909713234293566,0.00223799593199403,0.00035055189779109597,-4.3221457577291567e-05
2022-03-29 20:00:00+00:00,-0.005764162496061376,0.00022177395899114494,0.0,0.0,0.0,0.0
2022-03-29 21:00:00+00:00,-0.002023036434592118,-0.0006652404464870809,0.0,0.0,0.0,0.0
2022-03-29 22:00:00+00:00,0.0004236376257240604,-0.00022193851654972452,0.0,0.0,0.0,0.0
2022-03-29 23:00:00+00:00,0.0027172453365342797,0.00022198778418935916,0.0,0.0,0.0,0.0
2022-03-30 00:00:00+00:00,-0.0052159322722900026,-0.0004438109012416813,0.0,0.0,0.0,0.0
2022-03-30 01:00:00+00:00,-0.008257722744307694,-0.0007769973841175171,0.0,0.0,0.0,0.0
2022-03-30 02:00:00+00:00,0.008713669445913563,-0.0005554580757936023,0.0,0.0,0.0,0.0
2022-03-30 03:00:00+00:00,0.0037713813108868344,-0.00033343356877735264,0.0,0.0,0.0,0.0
2022-03-30 04:00:00+00:00,-0.003636444217738233,0.00044474846892805786,0.0,0.0,0.0,0.0
2022-03-30 05:00:00+00:00,0.004272374675204471,-0.00022224225677835996,0.0,0.0,0.0,0.0
2022-03-30 06:00:00+00:00,-0.00041707189023554303,0.00011111270127495132,0.0,0.0,0.0,0.0
2022-03-30 07:00:00+00:00,0.0004090097113862434,-0.001556067487272328,0.0,0.0,0.0,0.0
2022-03-30 08:00:00+00:00,-0.00010892038167087392,-0.002449078768835933,0.0,0.0,0.0,0.0
2022-03-30 09:00:00+00:00,-0.0036497654539699997,0.0010043858403414596,0.0,0.0,0.0,0.0
2022-03-30 10:00:00+00:00,0.00024609867895919457,0.0015607512524118405,0.0,0.0,0.0,0.0
2022-03-30 11:00:00+00:00,0.0005192577712067603,-0.0008904870151906774,0.0,0.0,0.0,0.0
2022-03-30 12:00:00+00:00,0.00042328304473127076,0.0012254943463572143,0.0,0.0,0.0,0.0
2022-03-30 13:00:00+00:00,-0.006461456022363921,-0.0035606927429968627,0.007480580033296214,0.02850395214275947,-0.0020208887150886534,-0.0030118224229752633
2022-03-30 14:00:00+00:00,0.0030735376022352767,0.00011168798822303039,0.0007203683821861429,-0.0025543367795849425,0.00032629499574166054,-0.0022760797500277485
2022-03-30 15:00:00+00:00,-0.0002764631926280847,0.0,-0.0014396996502642478,-0.0026888487653714543,0.00015067649755984291,0.0009311617530556315
2022-03-30 16:00:00+00:00,0.0025045975337436577,0.0003349599934778791,0.0010541713252198992,-0.002824511778496186,-0.0018195963453760955,-0.0011189805164187883
2022-03-30 17:00:00+00:00,0.007458907377789092,0.0005580575445947034,-0.0010530612182798604,0.00862621584576262,0.0005739500423576072,-0.0009573082497583707
2022-03-30 18:00:00+00:00,-0.006289181782142106,-0.0007808980007840693,0.0,-0.005745419344031721,-0.0023095785352157394,-0.0031465152463013846
2022-03-30 19:00:00+00:00,-0.006088446158508121,0.00078150827903678,0.0011645043702546154,-0.0002554562386714032,0.0033137426534950443,0.0033199372819132655
2022-03-30 20:00:00+00:00,0.0036591008319060148,-0.0005577462900695496,0.0,0.0,0.0,0.0
2022-03-30 21:00:00+00:00,-0.005089318983864,0.0001116381211050399,0.0,0.0,0.0,0.0
2022-03-30 22:00:00+00:00,0.0015299564559172474,-0.00011162565942623992,0.0,0.0,0.0,0.0
2022-03-30 23:00:00+00:00,0.0010879771671785665,-0.00022327624221030185,0.0,0.0,0.0,0.0
2022-03-31 00:00:00+00:00,0.0020040292950955774,-0.0010047678393372284,0.0,0.0,0.0,0.0
2022-03-31 01:00:00+00:00,0.004519875697002185,-0.0003352594710467338,0.0,0.0,0.0,0.0
2022-03-31 02:00:00+00:00,-0.003399687822120412,0.0007825566627264191,0.0,0.0,0.0,0.0
2022-03-31 03:00:00+00:00,-0.0028773879926237145,0.00033510966535366116,0.0,0.0,0.0,0.0
2022-03-31 04:00:00+00:00,-0.001647366937363004,0.00011168798822303039,0.0,0.0,0.0,0.0
2022-03-31 05:00:00+00:00,0.0013435447050731408,-0.00022335103081894125,0.0,0.0,0.0,0.0
2022-03-31 06:00:00+00:00,0.0009875778731782692,-0.0004467352876742492,0.0,0.0,0.0,0.0
2022-03-31 07:00:00+00:00,0.00044233056240616797,0.001564239023821079,0.0,0.0,0.0,0.0
2022-03-31 08:00:00+00:00,0.0026050921822877715,0.0020080329296388033,0.0,0.0,0.0,0.0
2022-03-31 09:00:00+00:00,0.0004502405304063206,0.001781370661334769,0.0,0.0,0.0,0.0
2022-03-31 10:00:00+00:00,-0.0008558896697676843,0.0014447402743178461,0.0,0.0,0.0,0.0
2022-03-31 11:00:00+00:00,-0.0020235575828604357,-0.0007768249515858194,0.0,0.0,0.0,0.0
2022-03-31 12:00:00+00:00,0.0051076672907024445,0.0,0.0,0.0,0.0,0.0
2022-03-31 13:00:00+00:00,-0.008657987253239519,0.0007774288777360194,0.003683153004113926,-0.028200835598457763,-0.005170864854951218,-0.003350219514699826
2022-03-31 14:00:00+00:00,-0.006056795267750936,-0.002663390384502695,0.0009105678241672077,0.0031186411423302918,0.0013679558161305838,0.0012708272394510445
2022-03-31 15:00:00+00:00,-0.005331122925526399,0.002670502976451994,-0.0013232191349820122,0.005401080396989721,-0.0008751060490064244,-0.0016611728330948594
2022-03-31 16:00:00+00:00,-0.014662375636139702,0.0011098066278698582,0.004085268276788678,-0.01048222032176016,-0.00036162328078548356,1.5227376138904347e-05
2022-03-31 17:00:00+00:00,0.0021010108250569814,0.00011080477368374808,-0.003268625823092064,-0.025291262150634708,-0.0011457775406203963,-0.0013956795799948685
2022-03-31 18:00:00+00:00,0.0017105122203653345,0.0009975949373444148,-0.0009129912672852791,0.010188832954506566,-0.0018212217013577892,-0.0017754286433901978
2022-03-31 19:00:00+00:00,-0.005928836786586289,0.00022143016297260232,-0.002153265239412838,-0.003227512934368071,-0.007386594431556537,-0.008462118833713062
2022-03-31 20:00:00+00:00,0.002691127889505429,-0.00033210470648392665,0.0,0.0,0.0,0.0
2022-03-31 21:00:00+00:00,0.0009176057577096053,0.00022145468865431006,0.0,0.0,0.0,0.0
2022-03-31 22:00:00+00:00,-0.0002431015152050131,-0.0005535471397061231,0.0,0.0,0.0,0.0
2022-03-31 23:00:00+00:00,-0.006162114755963621,0.0001107971564882071,0.0,0.0,0.0,0.0
2022-04-01 00:00:00+00:00,0.0010577423195978763,0.0005537923652314536,0.0,0.0,0.0,0.0
2022-04-01 01:00:00+00:00,-0.010287055987829752,-0.000442828270457718,0.0,0.0,0.0,0.0
2022-04-01 02:00:00+00:00,-0.015423349454485091,0.0007752762912005551,0.0,0.0,0.0,0.0
2022-04-01 03:00:00+00:00,0.003164991802459438,-0.00011062084083435231,0.0,0.0,0.0,0.0
2022-04-01 04:00:00+00:00,0.00406861807729797,0.0,0.0,0.0,0.0,0.0
2022-04-01 05:00:00+00:00,-0.0009647225582560814,-0.0003320971499614078,0.0,0.0,0.0,0.0
2022-04-01 06:00:00+00:00,0.00297052444027579,-0.0003321414823724833,0.0,0.0,0.0,0.0
2022-04-01 07:00:00+00:00,0.00466301421029458,0.0015505525824015542,0.0,0.0,0.0,0.0
2022-04-01 08:00:00+00:00,0.0022769008276644076,-0.00044227267250562807,0.0,0.0,0.0,0.0
2022-04-01 09:00:00+00:00,-0.0009436915702105697,0.00044246836417149993,0.0,0.0,0.0,0.0
2022-04-01 10:00:00+00:00,0.002398819916370254,-0.00099521238184197,0.0,0.0,0.0,0.0
2022-04-01 11:00:00+00:00,-0.0022009696013964852,0.0013283377330850499,0.0,0.0,0.0,0.0
2022-04-01 12:00:00+00:00,0.0027313960168418028,0.000552690412323642,0.0,0.0,0.0,0.0
2022-04-01 13:00:00+00:00,0.004572906330747584,0.0,-0.006169370114166739,-0.0028332309321499327,-0.002283491956709849,-0.001292911663784757
2022-04-01 14:00:00+00:00,0.011877872289152824,0.0008838952080392204,0.0017536796647492636,0.008659171396801613,0.002750118764363041,0.001436007123509997
2022-04-01 15:00:00+00:00,0.012291784192950406,-0.0007727088498321599,-0.0016117006499042352,-0.009389732380704618,-0.0026273174606979977,-0.002821576995907016
2022-04-01 16:00:00+00:00,-0.008138901229456152,0.0004418987727183854,-0.0024493567295770236,0.004602637673382759,-0.0011235745832441912,-0.0017211343261461787
2022-04-01 17:00:00+00:00,0.005902545154326644,-0.00011044235057400265,0.0023995978900295256,-0.0024248734011440565,0.0063972078337832805,0.0055424898613123386
2022-04-01 18:00:00+00:00,-0.0019443368508722525,0.0001104545494341469,0.00022264257109450014,0.0006755225093935113,-0.002198891270232095,-0.0023339116458187537
2022-04-01 19:00:00+00:00,0.00018899025196206232,-0.000662588285594512,-0.001280100906567605,0.0014852904938935652,0.002629138068451997,0.003976327562063675
2022-04-01 20:00:00+00:00,-0.004117490468031004,-0.00011044971541240844,0.0,0.0,0.0,0.0
2022-04-01 21:00:00+00:00,0.0029681002813215507,0.00022098970056250167,0.0,0.0,0.0,0.0
2022-04-01 22:00:00+00:00,-0.00023792272293576833,0.0,0.0,0.0,0.0,0.0
2022-04-01 23:00:00+00:00,-0.00044744503318294715,0.0,0.0,0.0,0.0,0.0
2022-04-02 00:00:00+00:00,0.015547066648684327,0.0,0.0,0.0,0.0,0.0
2022-04-02 01:00:00+00:00,-0.005198506957354687,0.0,0.0,0.0,0.0,0.0
2022-04-02 02:00:00+00:00,-0.00485918302134658,0.0,0.0,0.0,0.0,0.0
2022-04-02 03:00:00+00:00,0.0009788317969898763,0.0,0.0,0.0,0.0,0.0
2022-04-02 04:00:00+00:00,-0.00027424099611039754,0.0,0.0,0.0,0.0,0.0
2022-04-02 05:00:00+00:00,-0.00019076302609888351,0.0,0.0,0.0,0.0,0.0
2022-04-02 06:00:00+00:00,0.0012512716815142877,0.0,0.0,0.0,0.0,0.0
2022-04-02 07:00:00+00:00,-0.0009336147222351876,0.0,0.0,0.0,0.0,0.0
2022-04-02 08:00:00+00:00,-0.0001930876467773901,0.0,0.0,0.0,0.0,0.0
2022-04-02 09:00:00+00:00,0.002839490274330503,0.0,0.0,0.0,0.0,0.0
2022-04-02 10:00:00+00:00,-0.0003687594798919003,0.0,0.0,0.0,0.0,0.0
2022-04-02 11:00:00+00:00,-0.002190610019111805,0.0,0.0,0.0,0.0,0.0
2022-04-02 12:00:00+00:00,0.0040893207560810385,0.0,0.0,0.0,0.0,0.0
2022-04-02 13:00:00+00:00,-0.00023956369337052585,0.0,0.0,0.0,0.0,0.0
2022-04-02 14:00:00+00:00,-0.002160850925599145,0.0,0.0,0.0,0.0,0.0
2022-04-02 15:00:00+00:00,-0.008019319715519502,0.0,0.0,0.0,0.0,0.0
2022-04-02 16:00:00+00:00,0.0016944005102277337,0.0,0.0,0.0,0.0,0.0
2022-04-02 17:00:00+00:00,0.0012605192135857202,0.0,0.0,0.0,0.0,0.0
2022-04-02 18:00:00+00:00,-0.011228642691884949,0.0,0.0,0.0,0.0,0.0
2022-04-02 19:00:00+00:00,0.006011812711504305,0.0,0.0,0.0,0.0,0.0
2022-04-02 20:00:00+00:00,0.0007194889192021492,0.0,0.0,0.0,0.0,0.0
2022-04-02 21:00:00+00:00,0.001276715726785671,0.0,0.0,0.0,0.0,0.0
2022-04-02 22:00:00+00:00,-0.0026245648734377625,0.0,0.0,0.0,0.0,0.0
2022-04-02 23:00:00+00:00,-0.005955118780246238,0.0,0.0,0.0,0.0,0.0
2022-04-03 00:00:00+00:00,0.0035334804275468645,0.0,0.0,0.0,0.0,0.0
2022-04-03 01:00:00+00:00,-0.004284670424003045,0.0,0.0,0.0,0.0,0.0
2022-04-03 02:00:00+00:00,-0.0004175515523602291,0.0,0.0,0.0,0.0,0.0
2022-04-03 03:00:00+00:00,0.0025002165797050058,0.0,0.0,0.0,0.0,0.0
2022-04-03 04:00:00+00:00,0.007435588315696018,0.0,0.0,0.0,0.0,0.0
2022-04-03 05:00:00+00:00,0.0009429671611200785,0.0,0.0,0.0,0.0,0.0
2022-04-03 06:00:00+00:00,0.0029356353266818402,0.0,0.0,0.0,0.0,0.0
2022-04-03 07:00:00+00:00,-0.0018235566208317788,0.0,0.0,0.0,0.0,0.0
2022-04-03 08:00:00+00:00,-0.0018931962637893651,0.0,0.0,0.0,0.0,0.0
2022-04-03 09:00:00+00:00,0.0023652861088738764,0.0,0.0,0.0,0.0,0.0
2022-04-03 10:00:00+00:00,-0.00420637159016557,0.0,0.0,0.0,0.0,0.0
2022-04-03 11:00:00+00:00,0.0018312104806164076,0.0,0.0,0.0,0.0,0.0
2022-04-03 12:00:00+00:00,0.002704018682310849,0.0,0.0,0.0,0.0,0.0
2022-04-03 13:00:00+00:00,0.0016894952258372786,0.0,0.0,0.0,0.0,0.0
2022-04-03 14:00:00+00:00,-4.328395992259093e-05,0.0,0.0,0.0,0.0,0.0
2022-04-03 15:00:00+00:00,-0.0011218175141542996,0.0,0.0,0.0,0.0,0.0
2022-04-03 16:00:00+00:00,-0.002058428297477932,0.0,0.0,0.0,0.0,0.0
2022-04-03 17:00:00+00:00,0.0008807027611739127,0.0,0.0,0.0,0.0,0.0
2022-04-03 18:00:00+00:00,0.005751332823152211,0.0,0.0,0.0,0.0,0.0
2022-04-03 19:00:00+00:00,-0.003967982073552867,0.0,0.0,0.0,0.0,0.0
2022-04-03 20:00:00+00:00,-0.0010795387173192506,0.0,0.0,0.0,0.0,0.0
2022-04-03 21:00:00+00:00,0.007323658423015411,0.0,0.0,0.0,0.0,0.0
2022-04-03 22:00:00+00:00,0.0020979752695826637,0.0,0.0,0.0,0.0,0.0
2022-04-03 23:00:00+00:00,-0.00826866450122088,0.0,0.0,0.0,0.0,0.0
2022-04-04 00:00:00+00:00,-0.010407689518323604,-0.0004419476040197212,0.0,0.0,0.0,0.0
2022-04-04 01:00:00+00:00,-0.0010395543062812207,-0.00022103856236799224,0.0,0.0,0.0,0.0
2022-04-04 02:00:00+00:00,0.0025778988389077995,0.0,0.0,0.0,0.0,0.0
2022-04-04 03:00:00+00:00,0.0008371222746645923,0.0003316640957704564,0.0,0.0,0.0,0.0
2022-04-04 04:00:00+00:00,0.0004861184114592909,0.00011054000240440232,0.0,0.0,0.0,0.0
2022-04-04 05:00:00+00:00,0.0024514427075044143,-0.00044204526988844695,0.0,0.0,0.0,0.0
2022-04-04 06:00:00+00:00,0.00014699736537449049,0.0013267222809740797,0.0,0.0,0.0,0.0
2022-04-04 07:00:00+00:00,-0.0007542332864515222,0.0006624493052869163,0.0,0.0,0.0,0.0
2022-04-04 08:00:00+00:00,-0.0008414137273080602,0.0006620107567212319,0.0,0.0,0.0,0.0
2022-04-04 09:00:00+00:00,-0.003939808402785738,0.001212927261103891,0.0,0.0,0.0,0.0
2022-04-04 10:00:00+00:00,0.0010591111862776614,0.0005506865299802488,0.0,0.0,0.0,0.0
2022-04-04 11:00:00+00:00,0.003607797379252986,0.0005503178334798076,0.0,0.0,0.0,0.0
2022-04-04 12:00:00+00:00,-0.004278332533091622,-0.00010996368706595039,0.0,0.0,0.0,0.0
2022-04-04 13:00:00+00:00,0.003989940575244599,0.0006601169979667532,0.004614372037571979,0.03343674555963472,0.0004677127812617865,0.004255387726115778
2022-04-04 14:00:00+00:00,-0.004829826016090832,-0.00032984076548747687,-0.00037726285766315204,0.0005218645105158348,9.500180581945017e-05,0.0008544678709596631
2022-04-04 15:00:00+00:00,-0.006161432542631906,-0.0001100050511855244,0.0008324592553488053,-0.009649308509664611,0.0007677928937548373,0.0009238588718190055
2022-04-04 16:00:00+00:00,0.0023515016243627063,0.001979980943035864,-0.001164439738064793,0.0026333717665982803,-0.0003153537256845862,-0.0008157866408770031
2022-04-04 17:00:00+00:00,-0.008068191216942688,0.000658667643478994,0.0014432913718045448,0.009323691007824486,0.0017052857693273804,0.0013658134509806352
2022-04-04 18:00:00+00:00,0.0026960127132775735,-0.00032911704299209976,-0.0012749209274977025,0.0033828016415009543,-0.0005279937992622719,0.0005399660245137827
2022-04-04 19:00:00+00:00,0.008520783446256841,-0.0001097636033442484,0.0008325978620078445,-0.0032417011293620623,0.0010264256169498776,0.0012256022321770477
2022-04-04 20:00:00+00:00,0.008628934867820126,0.00010977565271552692,0.0,0.0,0.0,0.0
2022-04-04 21:00:00+00:00,0.0040979436715395945,-0.0002194617933372056,0.0,0.0,0.0,0.0
2022-04-04 22:00:00+00:00,0.004762458497999722,0.00010972226983896327,0.0,0.0,0.0,0.0
2022-04-04 23:00:00+00:00,-0.002096580863949815,-0.00021948588489884013,0.0,0.0,0.0,0.0
2022-04-05 00:00:00+00:00,-0.002424530181809992,-0.00010979975221103722,0.0,0.0,0.0,0.0
2022-04-05 01:00:00+00:00,0.002281739706613717,0.0006588054150440392,0.0,0.0,0.0,0.0
2022-04-05 02:00:00+00:00,0.0005006840614847352,0.0,0.0,0.0,0.0,0.0
2022-04-05 03:00:00+00:00,0.00014274166188488202,-0.0002194790250708012,0.0,0.0,0.0,0.0
2022-04-05 04:00:00+00:00,0.003141375990694195,0.0006585162067136441,0.0,0.0,0.0,0.0
2022-04-05 05:00:00+00:00,-0.0013410860609541775,-0.0005483914786931221,0.0,0.0,0.0,0.0
2022-04-05 06:00:00+00:00,-0.002590462609601829,-0.0005486923769172369,0.0,0.0,0.0,0.0
2022-04-05 07:00:00+00:00,0.002380422695609452,-0.00032936998648236404,0.0,0.0,0.0,0.0
2022-04-05 08:00:00+00:00,-0.001135704903040713,0.0012081315007443916,0.0,0.0,0.0,0.0
2022-04-05 09:00:00+00:00,-0.001370992540497884,-0.0009872428013136814,0.0,0.0,0.0,0.0
2022-04-05 10:00:00+00:00,0.0014305529182601084,0.0005489884129279421,0.0,0.0,0.0,0.0
2022-04-05 11:00:00+00:00,0.00028596975936756586,0.00032922539668112094,0.0,0.0,0.0,0.0
2022-04-05 12:00:00+00:00,0.005096439079115944,0.0004388445212637482,0.0,0.0,0.0,0.0
2022-04-05 13:00:00+00:00,-0.010067919655483148,-0.0004386520212276146,0.0007436459229959169,0.003642497323955496,-0.001340356324719072,-0.005003379625249438
2022-04-05 14:00:00+00:00,-0.011847113217159921,0.0028524566923036065,-0.0033182989690722087,-0.00868435717036986,0.0003310866260828327,0.0002565668697214196
2022-04-05 15:00:00+00:00,-0.0017643195295283798,0.0015315544358120992,-0.0024280993708575282,-0.0002615621284374203,-0.0027181321787504986,-0.004001245250555341
2022-04-05 16:00:00+00:00,0.00043267137909519526,0.00043692711911114124,0.0009553189185889099,0.006931713126380412,0.0027664079483931125,0.0030883358864350896
2022-04-05 17:00:00+00:00,0.0029854539878602093,0.0002184006874286215,-0.0016426202737388484,-0.012728870693997418,-0.003613839874771263,-0.002716757412764892
2022-04-05 18:00:00+00:00,-0.00037638376697346487,0.0006549288700141709,0.0010876339340766261,-0.010788049885257944,-0.002424931623220883,-0.003384299827174808
2022-04-05 19:00:00+00:00,0.0013600484781874922,0.00021814506601369743,-0.0016157364535426266,-0.005585926116535855,-0.0007146043317818318,-0.0005850836339699184
2022-04-05 20:00:00+00:00,-0.004882749655440666,-0.00021809748912249294,0.0,0.0,0.0,0.0
2022-04-05 21:00:00+00:00,0.0030983761956118183,-0.00010910504344874283,0.0,0.0,0.0,0.0
2022-04-05 22:00:00+00:00,-0.0017632823247021312,-0.0004364027666543535,0.0,0.0,0.0,0.0
2022-04-05 23:00:00+00:00,-0.006416608289456005,0.0004365932971772679,0.0,0.0,0.0,0.0
2022-04-06 00:00:00+00:00,-0.010033893363460722,0.0012000913513046108,0.0,0.0,0.0,0.0
2022-04-06 01:00:00+00:00,0.0021376294505361937,0.0002179723106319198,0.0,0.0,0.0,0.0
2022-04-06 02:00:00+00:00,0.0014284427622830442,-0.00043578468223648414,0.0,0.0,0.0,0.0
