Dia,Hora,BTC-USD,USD/EUR,Sentimentos_PreProcessados
1,0,,,
1,1,,,
1,2,-0.025551744582956615,0.0003321047064837046,-0.44530619831522544
1,3,-0.012307172426615609,0.0006645696886511399,-0.22935376426092235
1,4,0.007246487022619208,-0.00011062084083435231,-0.33821953447790776
1,5,0.003099970431401866,-0.0003320971499614078,0.09851908327568881
1,6,0.0020029361500824017,-0.0006641283290941269,0.4534328828764276
1,7,0.007647390248247232,0.001217896097196025,0.08892055247856967
1,8,0.006950532258873876,0.0011075941428615454,-0.16024465434849777
1,9,0.0013310605653364949,0.0,0.13790410744963322
1,10,0.001452864600026249,-0.0005531843676651604,-0.14921587889272003
1,11,0.0001925705852587889,0.00033180337308369445,-0.2584111698852297
1,12,0.0005244146958429674,0.0018817623049380838,0.4357470455371395
1,13,0.007316792765726499,0.000552690412323642,0.397571016261586
1,14,0.016505095017287363,0.0008838952080392204,-0.19645506188582762
1,15,0.024315656724953172,0.00011050336455764587,-0.28224666339776894
1,16,0.0040528413460141355,-0.00033115153620610904,-0.5072530224249577
1,17,-0.002284396307142944,0.00033140761780514616,0.17580444896554814
1,18,0.003946731767396905,0.0,1.1382296058328008
1,19,-0.0017557140596216048,-0.0005522069220510462,0.1341238438148069
1,20,-0.003929278381630041,-0.0007729648183193438,0.09226978912790074
1,21,-0.0011616113113259718,0.00011051557690056057,0.36350650467611234
1,22,0.0027294713798848846,0.00022098970056250167,-0.35705103995953114
2,0,0.014851151546822372,0.0,0.682946963110854
2,1,0.009815698875566659,0.0,0.9323906319045516
2,2,-0.010032429481957705,0.0,-0.49675715137747734
2,3,-0.02748663883394975,-0.0033145411759375465,0.5735416329694967
2,4,-0.023917872486423297,-0.0034250445404948593,1.2213885803658453
2,5,-0.0008600051386182805,0.00026897549541948784,-0.28621355782011515
2,6,-0.0029168600369445796,0.0010100395427221631,-0.3242853207037246
2,7,-0.004244320602091567,0.0009501500739812485,0.2827383464844546
2,8,-0.0006858028179396181,0.000551007424913541,0.12285107163274334
2,9,0.0023236149759617852,0.00042253199974084943,-0.013069365191201388
2,10,0.0038731331224035603,-0.00030784045553078343,-0.26362556965332795
2,11,0.00021496130656384338,-0.0007297941453978662,-0.03200189850081203
2,12,-0.0009989836884043424,-0.0009195135240822605,0.03341969385066168
2,13,-0.005113421384654426,-0.00023272843859623027,0.01911220340425368
2,14,0.006138933489716614,0.0009749389376907391,0.3523956918447002
2,15,0.0023313552110204583,0.0015487048653117785,0.28737633998155054
2,16,-0.007534073910241634,-0.0004757659453976659,-0.06659759364528206
2,17,-0.002262995355473252,-0.0016149615745891799,-0.27448806251351276
2,18,-0.012300370819020245,-0.0011077121478890728,-0.05563700146602635
2,19,-0.0038030163768212333,-0.0006477411255374488,0.2976747453160722
2,20,0.0055710657341987435,1.8668277115274634e-05,-0.24350396994321988
2,21,0.0027883610636580958,-1.699059954174409e-05,-0.2808257264473588
2,22,0.0025533382362949997,0.00031400141157078565,0.1086263322480312
3,0,-0.02359901776651363,-0.0018291731057203942,0.27016862017922594
3,1,-0.02850622775334788,-0.0016074191115797998,-0.08875297349986622
3,2,-0.00479895794360341,-0.00033317434789215117,-0.5721968633168969
3,3,-0.010615315307930251,0.00011098932655961846,-0.46746311507210714
3,4,-0.008717265668254925,0.0008888051867761426,0.13120327735360404
3,5,0.0008130412976887769,-0.00033306337971783506,-0.03757148730010862
3,6,-0.00024944560646500413,-0.0005550264863216636,0.024872077447411822
3,7,-3.1044680493974575e-05,0.0005553347117954743,0.05969277684958385
3,8,3.491130324517755e-05,0.0008885090596877365,-0.11107088290454092
3,9,-0.004477771768620853,0.0016650132977440446,0.3180772194074095
3,10,-0.0012378684082360314,0.0006657571645118932,0.29106319545136117
3,11,0.004365216746769152,-0.0008865398130484259,-0.13510835146288014
3,12,0.004137648102442881,0.0008871296991950217,-0.4346361207241938
3,13,0.010420924756835426,0.0002217985608941042,0.035273739616155764
3,14,-0.0018756663002417184,-0.0002215528311051429,-0.1151702164463515
3,15,-0.028943374052762705,0.0019960087755912514,-0.19829229804803183
3,16,-0.022862637040637734,0.0021054494919339195,0.4438208270008135
3,17,-0.0038233197371061456,0.000996049312224745,-0.1509930489271405
3,18,-0.00468716669305147,-0.0007740760455895446,-0.3293805224698735
3,19,-0.004827463393945797,-0.0005528174248788931,0.09476051041990874
3,20,-0.006358467084489394,0.0,-0.17182605071024293
3,21,-0.0035403621080587477,-0.0006636950937528585,-0.14899801575789928
3,22,0.011989023215356331,-0.00022130764519934232,-0.021894193791926475
4,0,-0.010290566006200708,0.00498115103733765,0.7203515206883151
4,1,-0.02268325454120501,0.0012176264274614823,1.1586517974158377
4,2,-0.004534450452600702,-0.0016521102828421785,0.36525901971973895
4,3,-0.001468376029151619,0.002321714568284783,-0.14254799275918317
4,4,-0.0015990745781164772,-0.0005516585958621478,-0.29831583958386554
4,5,-0.0023542315609995645,-0.00011032053176873724,0.4389223611792863
4,6,0.0004886938225117099,0.0017662292545046476,-0.04551716149636176
4,7,0.0006032339570685163,0.0014341278909897337,-0.29953207547169813
4,8,0.0035389172392672474,0.00022035655858587688,0.4377280804403414
4,9,0.004145558737633115,-0.0004406331381463513,-0.1188251519200102
4,10,0.003631079809293336,0.0011016713925089405,0.23171764734254374
4,11,0.005087363005702672,0.0038571574772559014,0.31885610317961044
4,12,-0.0052438202650322285,0.005942557572564677,-0.4857731635804735
4,13,-0.011146560078583723,0.006257538917730621,-0.08944862266921805
4,14,-0.013439748884862879,0.0027349279504971236,-0.10454523820855743
4,15,-0.01312687993789452,-0.001090974402646605,0.10037795480833456
4,16,-0.0033583873631547467,-0.0005454546873339128,0.8521664257164725
4,17,0.001897831307204667,-0.00043687939088687955,0.12808222727239071
4,18,-0.0021698163083604394,-0.0018557402374866916,-0.4337224584904469
4,19,-0.02242144062928575,0.0012019271473888704,-0.524189341269034
4,20,-0.02784412190793506,-0.00010931429495930622,-0.12392757420198341
4,21,-0.012364507987999152,-0.0021826631599906055,0.511146815244899
4,22,-0.014786391149017919,0.0019687199161322333,0.13066439917167028
5,0,-0.014510852762768978,0.0019687199161322333,2.296575326838395
5,1,0.0005730336267917302,0.0,0.46620145600024565
5,2,0.00232916547465134,0.0,-0.5081267614212074
5,3,0.0018427133297744813,0.0,0.23753463087154647
5,4,-0.002201144242117037,0.0,0.1163608119478925
5,5,-0.0026484145903040712,0.0,-0.5008909690698395
5,6,0.003008382719492886,0.0,-0.4394604364606205
5,7,0.0019380324790345682,0.0,0.4885464272196769
5,8,0.003196398444604398,0.0,0.24827645135612797
5,9,0.0001596729545729758,0.0,0.12021965761040754
5,10,0.00035977088495942056,0.0,-0.028742506340788565
5,11,0.00302750007577246,0.0,-0.4197215926607246
5,12,0.0002444524076417043,0.0,-0.1647538855298788
5,13,-0.0030899665542833965,0.0,0.4965087631213292
5,14,0.00044886819451495086,0.0,0.2720962455700926
5,15,0.003617935379948811,0.0,-0.3478822303974157
5,16,0.006017102603953273,0.0,-0.22080483726256184
5,17,0.006997575373973053,0.0,0.11063783964871554
5,18,0.0006521191641928326,0.0,-0.026353636954232873
5,19,-0.00037782061350466467,0.0,0.33966776549673594
5,20,0.003047415929022801,0.0,-0.46088361027642155
5,21,-0.00021289529581602906,0.0,-0.2540448390105825
5,22,-0.001727072210051861,0.0,0.9151736558634993
6,0,0.0034655839906678754,0.0,1.296494329696865
6,1,-0.00016298170023265612,0.0,0.15456198523906295
6,2,-0.0013994687171020592,0.0,-0.22079546734762856
6,3,-0.002054676159877533,0.0,0.37660969056883475
6,4,-0.00035265548692109405,0.0,-0.06198662011922007
6,5,0.0036165744753904328,0.0,-0.4111755122413556
6,6,-0.0005817704350078445,0.0,-0.23370968363454203
6,7,-0.002805181447915195,0.0,0.18173592525215976
6,8,-0.006815444806432369,0.0,-0.05743152636695836
6,9,-0.01493325653959865,0.0,0.6389412769798668
6,10,-0.022837721805964217,0.0,0.36811943430535243
6,11,-0.01179619589055092,0.0,-0.26070322104745514
6,12,0.005983338477792088,0.0,-0.14348107250907471
6,13,0.014206035152271479,0.0,0.02243973499361429
6,14,0.007950567273750098,0.0,0.28013385235266
6,15,-0.0012191477869898382,0.0,0.06430962302264986
6,16,0.009201206587068578,0.0,-0.1165792359443999
6,17,0.0036569834173001414,0.0,0.07662543667421584
6,18,-0.008699428903859996,0.0,-0.16522016271072715
6,19,-0.007424997046142301,0.0,-0.3309572474876512
6,20,-0.0002831802203941969,0.0,0.11431235356291714
6,21,0.00735322972237773,0.0,-0.1219083745974362
6,22,0.0040015310940144655,0.0,-0.4130219171857137
7,0,-0.01708466866245839,0.004147991282536179,2.009432412320122
7,1,-0.01620574012407172,0.006440307391053723,1.1706399921352735
7,2,-0.01414181612042531,0.0022828468795617063,-0.7277220250806853
7,3,-0.011751627048159352,-0.0026030163182909627,0.005497118400344281
7,4,0.0036153382609191986,-0.0035791878421005396,1.7035418583256665
7,5,0.004647248228486944,-0.00043497908522549533,-0.04587042323305679
7,6,0.00646754652539272,0.000761942923312553,-0.19875012269737913
7,7,-0.003352590811207423,0.0003263600697644975,-0.10522122953818558
7,8,-0.001711672851743118,0.0008701474466208392,-0.01323609080687893
7,9,0.005495648661070662,0.001631332790981821,-0.26381808469244417
7,10,0.0019245010983532929,0.0029341782571425945,-0.3049794877878538
7,11,0.00434571149045726,-0.00043431788211811817,0.5532706847744293
7,12,0.012569209518057844,-0.005309392274827296,0.07557497955716452
7,13,0.017556428941837954,-0.0034759880233898865,-0.10664202066457695
7,14,0.007836456042485063,-0.00010888561128274965,0.34767365045154097
7,15,0.0003323777681008,0.001853045638809725,-0.1301824426396726
7,16,-0.002547169801864646,0.003050427839777603,-0.3757787532827447
7,17,-0.006251548279713637,0.0002176402902762664,-0.06339946412534425
7,18,-0.021505251000612846,-0.0019550349092105623,0.484401939064248
7,19,-0.037306594123522,0.0018492157479965687,-0.43662384797648
7,20,-0.011660805436991883,0.0005440894039820954,-0.5611091079967608
7,21,0.015206967043170039,0.0001085956498576568,0.18899891691165083
7,22,0.015103901801466035,0.0018490795315542208,0.02227549426278075
8,0,0.009145861879169548,-0.00032575157436887103,1.1433700660716082
8,1,0.006351546121593277,-0.001845666746950414,0.9836574183858984
8,2,0.010666260519595294,-0.0016289649583194343,-0.21931194736667803
8,3,0.006914957245482967,0.000543858361622851,-0.4895249100925474
8,4,-0.0033932249231890532,0.00021752809629838055,0.36877622513583175
8,5,-0.007026273087079926,0.0003261117264088398,1.0286483743803911
8,6,-0.007781379902495389,0.0010875335863584912,-0.2733407539597478
8,7,0.003584844542454002,0.0,-0.17040236519419216
8,8,0.013973206164467733,-0.003259056425752971,0.0199595548905529
8,9,0.010594573180479516,-0.002173412597191282,0.6454360976363951
8,10,0.0053000703734589205,-0.00021801981875535503,0.17940658919455732
8,11,0.0012852605303241837,-0.0003267154998037869,-0.3865172340080667
8,12,-0.005733566661442757,-0.0006540721285738238,-0.33964109291167366
8,13,-0.0025480870663368016,-0.002505745688890726,-0.24969845955911918
8,14,0.00044041617615353523,0.00010910504344874283,0.3205898538340053
8,15,-0.007392309976846478,0.0039318494189817255,0.48318431420580965
8,16,-0.009585764923510598,0.002399659015670519,-0.1703803583709671
8,17,0.011026351313133897,-0.005983484092491831,-0.40063724292650027
8,18,0.008907866606683523,-0.003699703637154439,0.09855519891537834
8,19,-0.006909072858167442,0.003283376416287176,-0.004070244731357975
8,20,-0.006491433908250466,0.0007645226593020471,-0.34518906219796874
8,21,-0.0067220275042606525,0.0007636052623742895,0.733159636158218
8,22,0.0025688910500387685,0.000763938610923498,-0.18838843725873122
9,0,0.0117512870329195,-0.0017440888162481016,0.2933961260110687
9,1,0.01484450846505192,-0.0010904985060814498,0.982296613903908
9,2,0.011796105503197873,-0.00010914718494625664,0.05135926024973769
9,3,0.05264611365240701,0.0006550003806629068,0.0038037706022873152
9,4,0.05495730228924667,0.00010915909935471646,-0.5175279618256571
9,5,0.00425858037909399,-0.0007636885846507013,-0.02428281677862487
9,6,0.0005348477299880194,-0.0004367189093560375,0.5050845567361504
9,7,0.007954893558167475,-0.00021833560975026423,-0.1507999697376906
9,8,0.014628571085172792,-0.0025125889902397613,-0.5123291085520666
9,9,0.007863377972844976,-0.004586700021486978,-0.02774112805718776
9,10,-0.001223065444736382,-0.0016427669297164327,-0.2777282804632948
9,11,0.0014622997649511582,-0.00032911704299209976,0.18887667120466367
9,12,-0.0053603362359878615,-0.0016454700535043498,1.4900217064937795
9,13,-0.007357945999319715,-0.0038410719835338947,-0.18555982118607373
9,14,0.004604004129089789,-0.004065441591769692,0.1014443219828034
9,15,0.013649378711685145,-0.0029745849919090572,0.09549625063090339
9,16,0.0023294715286761303,-0.0037511337803987077,0.03654271917438079
9,17,-0.0025352800125487684,-0.00397783629205084,-0.009070527982887433
9,18,-0.0047607055972775925,0.00044297538466797626,-0.24497806899521013
9,19,-0.0021185499099184435,0.0011093710810889945,-0.26385487151812026
9,20,-0.004904043660824531,-0.00011071130562356757,-0.1243801929031253
9,21,-0.007205158499412945,0.00022160192763953646,0.09567473072802124
9,22,0.0021977792032936705,0.00011072356397390237,0.2054022976809502
10,0,-0.0009744247089036318,0.0017726867952860825,0.8817268497550128
10,1,-0.020542252990746857,0.0014389830605763265,0.014026009108675241
10,2,-0.022926170226113762,0.000442387484369533,-0.38957692854720305
10,3,-0.004719149283624602,-0.000773733793278053,0.1567599067599066
10,4,-0.030776989079891126,-0.0002211288774150999,-0.24937941911837191
10,5,-0.03917129585849677,0.0,0.07765023389708525
10,6,-0.007101088930901334,-0.00022111188103002277,0.8018230441374865
10,7,0.0009953449066144593,-0.0005530572666799793,0.012742128830402155
10,8,-0.0031192278349856384,0.0023224848531231412,-0.14988156172870182
10,9,-0.0014006668800788935,0.0019922530456257803,-0.290542211378361
10,10,-0.0029360716218220784,-0.0007723678051791971,-0.07461302240027434
10,11,-0.0029167646869375785,0.00033137100424052157,-0.08322528174741473
10,12,0.0045059771872293375,-0.005300377195510686,-0.07148211473186827
10,13,-0.0050096885863589735,-0.0025397791561059258,-0.020814429174672022
10,14,-0.00029732732566400966,0.007992898260005044,-0.16149471163440432
10,15,0.007518650618717038,0.0044282167191391775,0.11264178586774776
10,16,-0.003278834631567973,0.00022030086954494266,0.4087041654721788
10,17,-0.0013442038281522573,0.002535020438881652,0.30596643386578193
10,18,0.0019294823789777205,0.0017616906349702255,-0.07834908250363815
10,19,0.005825476270833407,0.0002198478220585276,-0.1427085226078374
10,20,0.010378063432167517,0.0010991285261030548,-0.09586638448206897
10,21,-0.000974511004299683,0.0,0.11925343484801876
10,22,-0.004780738636195547,-0.0010979217689673915,0.1321761488519544
11,0,-0.0014845318667663365,-0.0009891960192902616,0.524359769342448
11,1,-0.01763725522729065,0.0,-0.16407820728838518
11,2,-0.02228180090142684,0.0004400998582709814,-0.24855798273476637
11,3,-0.0003842787151034921,-0.0015387930393462312,0.16703750407758844
11,4,0.00433890952034699,-0.0006598921584008988,-0.04784209741518475
11,5,0.0007347578597605153,0.0006604803554335348,0.2582196838534998
11,6,0.007824136356780587,-0.00011006558282011802,0.09474526358792801
11,7,0.01060342792493385,0.0012101251310696615,-0.05022646339118153
11,8,0.0036809656970517857,0.002091148270461529,-0.0510721005084509
11,9,-0.003134666168226663,0.0015382858172772185,0.03615690217353351
11,10,0.0005812224906285302,0.00010984799015179014,-0.03231937917428607
11,11,0.020546759624274102,-0.00427865234254432,-0.20726205597652314
11,12,0.02042208366642373,-0.0006588846364743439,-0.4060992955838526
11,13,-0.014167624603242723,0.0015425230483665509,-0.05697297343244645
11,14,-0.013999880424161004,-0.00010990834181379139,0.7067920418322717
11,15,-0.004395165288348046,0.0030803602428746135,-0.0992374325091715
11,16,-0.013455212694608143,0.004835712529664082,-0.4796284850408432
11,17,-0.006529305459940127,0.004606253087929835,0.09211810089911587
11,18,-0.0009757636000075065,0.002624938157656409,0.44900003210169825
11,19,-0.0011036812903850723,0.0006550003806629068,0.4266472415404492
11,20,-0.00728624161875957,-0.00054546019636037,-0.5263038960693698
11,21,0.0014255907172635585,-0.0005454546873339128,-0.6313776493256262
11,22,0.014272130488979018,0.0,0.9917686234893557
12,0,0.006461257582677682,0.0001091114360236567,1.9091637700476527
12,1,0.004891875095912157,0.0,0.5085800428297704
12,2,0.0005831259003672429,0.0,-0.04917649877223451
12,3,-0.002073680810851797,0.0,0.05095087335904691
12,4,-0.0011659713623379808,0.0,-0.32449183983270247
12,5,0.0016035173697399596,0.0,-0.26840798819898215
12,6,0.0006235365876081644,0.0,0.3798709472879349
12,7,-0.0013936135519793114,0.0,0.02600573316490129
12,8,0.00014360366506904754,0.0,-0.07897608822724456
12,9,0.0012455563638222866,0.0,-0.2045918226410478
12,10,0.0024478013721267455,0.0,-0.3651027737729696
12,11,-0.00162093937281782,0.0,0.6776277274486262
12,12,-0.0005162543421691757,0.0,0.6141414258144293
12,13,-0.0001906204926820365,0.0,-0.2888131162279015
12,14,-0.00688508638547114,0.0,-0.1277272841172281
12,15,0.0003033721978167314,0.0,-0.611040189616816
12,16,0.004463363770117912,0.0,-0.3489896253980761
12,17,0.0002812034709398503,0.0,1.5764440500753696
12,18,-0.0002837210171238169,0.0,0.7641285230689705
12,19,-0.0019323184225874535,0.0,-0.24087336824371985
12,20,0.0016764276741274564,0.0,-0.40021940403574785
12,21,0.0017830678793528953,0.0,-0.16955091064127503
12,22,-0.0005868052226662979,0.0,-0.18926647919546258
13,0,-0.004879327267909295,0.0,4.194255211315812
13,1,-0.002755072002708747,0.0,0.8520649617871838
13,2,0.005971004659248491,0.0,-0.589016394689023
13,3,0.00399898421336653,0.0,0.25490717338084123
13,4,2.6141263195667008e-05,0.0,-0.1657288387480692
13,5,-0.00044415695818977863,0.0,-0.10949085125824842
13,6,-6.096142857670017e-05,0.0,-0.03953729026535591
13,7,-0.0012767082630852356,0.0,-0.17230617375126056
13,8,-0.001935319074207853,0.0,-0.09160696008188318
13,9,-0.0030154849958299312,0.0,-0.1399009072775239
13,10,-0.0019315738392862158,0.0,-0.2368188075823362
13,11,-0.005381962896340853,0.0,-0.32850046383577225
13,12,-0.012355907099012242,0.0,0.3241086097420187
13,13,-0.00123193912979902,0.0,0.1770835654389209
13,14,0.008735352126546303,0.0,0.25147341152404823
13,15,0.0065100440362495515,0.0,0.4425381280800611
13,16,0.003026388020325399,0.0,-0.0875185058649357
13,17,-0.0008475774263482228,0.0,-0.13315573985617557
13,18,0.0008264602811407507,0.0,-0.13643021014958245
13,19,-0.0010812269895834614,0.0,0.08479040828375495
13,20,-0.008379666696245791,0.0,0.19392326722151854
13,21,-0.004079542700940131,0.0,-0.21142556774307586
13,22,-0.022039400823706257,0.0,0.12331244659641127
14,0,-0.02380556175701165,-0.0016372086003221265,1.68588923036992
14,1,0.007039705039426192,-0.0005456928291941443,-0.008192928409335831
14,2,0.006791103813008625,0.00174923705465857,-0.4545528419573047
14,3,0.0020005511335310366,0.0010920466367767556,0.2754600854501472
14,4,0.01102563692353642,-0.000545698314632026,0.12387609571859404
14,5,0.008895205070048817,-0.0006545002189253246,-0.227912640210858
14,6,0.0032113065906693716,-0.00021835945467796325,-0.38674324120981085
14,7,0.015258953606535952,-0.0018557402374866916,-0.05845913215041343
14,8,0.01148644884367589,-0.003494970028094735,-0.2669494248441616
14,9,0.0029142734950498017,-0.004593155921295278,-0.4466394852300025
14,10,0.0004851124070321955,-0.0003287923879563559,1.8134080349386736
14,11,-0.006593233603721549,0.003845291959947428,1.3621579875059946
14,12,-0.00701208546147758,0.00043855582019647343,-1.1392336934660556
14,13,-0.002331848639454126,-0.00010939804200338354,-0.27622666185028255
14,14,0.004611040376361286,-0.0008767271466001425,-5.3828125
14,15,0.002146796442882515,-0.0035026861560452094,-0.3679904116226288
14,16,-0.0031113646185811916,-0.0006581550424208382,-0.21025512477718356
14,17,-0.004863606064360204,0.000549234819457789,-0.0034757847895507954
14,18,-0.004543317291752502,0.0012073359182729337,0.1847763474989712
14,19,0.0012325292978978553,0.0023054021870698715,-0.12307745700849704
14,20,0.001401684423388172,0.001754031056621308,0.3877538870642865
14,21,-0.0015905396417691398,0.0003285763211697823,-0.17067379044226771
14,22,0.016408540766160495,0.0004377399546802163,-0.23615778410147148
15,0,0.020767837623075547,-0.0003284683942331723,2.575725761552533
15,1,-0.013243631090519403,-0.0016407902837780597,0.313434582173028
15,2,-0.013518031088369575,-0.002081070413259445,-0.5578611847607523
15,3,-0.0020472881044752977,-0.002410438747525334,-0.8676394605092024
15,4,-0.005595050566855497,-0.0008780089601269081,0.3408074456043264
15,5,-0.0004460851247225506,-0.0001098479901515681,4.218360479203123
15,6,-6.43509780895446e-05,0.0006591017724899562,-0.20412053174445355
15,7,-0.009133513526038084,-0.0019771536908822496,0.08547947749644025
15,8,-0.009926600921718376,-0.002525001691491835,0.46268333042613263
15,9,0.0035193056511111376,-0.00011001209805072687,-0.13966398136926406
15,10,0.0069297088838697896,0.0005503228923957604,-0.4117675497969445
15,11,0.002609124163835075,0.00176110891798964,0.35560355542788336
15,12,0.004230192628631224,0.000440003050058424,0.47049121941864613
15,13,0.0012249251347624668,-0.0009888699572151438,0.05123273157015351
15,14,0.005857325741390307,0.0007696502980101272,0.0520359799084853
15,15,0.0077603109412904825,0.00208970262907493,-0.10864778533272335
15,16,0.0031738364266611363,0.0028565306639112276,-0.29672341917637424
15,17,0.007448176928728456,0.0029634846795907333,0.006623611020505793
15,18,0.003366174260456045,0.0010955161152921278,0.1742033934156253
15,19,0.009721060661172176,-0.0010943172730842887,-0.18157073853571704
15,20,0.0033057974412882274,-0.0012037685685624133,-0.12523214569099006
15,21,-0.0015565178421641512,0.00021907710358282095,-0.1951095907766376
15,22,0.0012560272323103305,-0.00109563616546271,0.13030453094585526
16,0,-0.010815287475849145,-0.0005476054404874864,2.2255758434335484
16,1,-0.0009069874032604508,-0.00010970340331584172,0.7395945846292655
16,2,0.04162435536212605,-0.0014246979432641638,-0.4404790467863605
16,3,-0.007079340087894348,-0.0004387963732442879,-0.23502407568567696
16,4,-0.040743157333433366,0.00032922539668112094,0.4360450326697629
16,5,0.0024429410449788858,-0.0008779780000509607,-0.005244869220538795
16,6,0.009581865716803861,-0.0010970786072485028,-0.060796926876670265
16,7,0.0070553487213722565,0.0021968738069986227,-0.12483001110867165
16,8,0.01948927766101405,-0.0010982835105923794,-0.3798023942254064
16,9,0.02343520373817598,-0.00263040443096918,-0.10913121131675607
16,10,0.0005708114420506227,-0.0005497782995578238,0.016347933374460277
16,11,0.0013397427651429261,-0.0024175905222589833,-0.3114148457299929
16,12,0.002052450788212923,0.0006601099807357347,0.3629998503921863
16,13,0.00033451165731213095,0.001211724715316942,0.10483235978099659
16,14,0.008933999022425532,-0.0024186536847019546,-0.278749447261711
16,15,0.002679822744022564,0.0006601169979667532,0.32785843719614594
16,16,-0.011265782650135114,0.0014326397237558464,0.14438893309505474
16,17,-0.007897588754071871,0.0005497782995576017,-0.08592778122178635
16,18,-0.007761653067064778,-0.00022006557232512325,-0.2937079676279494
16,19,0.011568739339408385,-0.0054945655957939765,-0.11715521165225296
16,20,0.030647788257824438,-0.0028618758004557154,0.16074108742313964
16,21,0.007423169894792414,0.001215473761442043,-0.03276431860013096
16,22,-0.006881016933412032,0.001545417699664764,-0.06144070742321639
17,0,-0.002593515280452263,-0.001986536493785107,1.7938658678293873
17,1,0.0044300049485215265,-0.0015430330690486826,-0.061680295488662495
17,2,0.002544423554288411,0.001216414630564433,-0.5270153735791172
17,3,-0.0020679583869924745,-0.0002207457587861672,0.30520837170628523
17,4,0.0027138861633337896,0.0007731355921436478,0.0161346924122574
17,5,0.0011306522617424708,0.0012144684561656849,-0.06210461379663501
17,6,-0.009902688693198991,-0.00022069704085092567,-0.4720637680469051
17,7,-0.008302434865509967,-0.0018747067997607614,-0.08475414205507836
17,8,0.000903513247794141,-0.0017662292545042035,0.8140367234612087
17,9,0.0014930309083573956,-0.0008838952080392204,0.2607574483675359
17,10,-0.002800772964750564,0.0007740760455889895,-0.14805434890738467
17,11,-0.00119180153900178,0.00022120224872224092,-0.21655725856326424
17,12,0.006095312268458386,0.0,0.06107416182974368
17,13,0.006200487641968566,-0.0013267222809737467,0.1169354263458986
17,14,-0.0026501499819583385,-0.00309390926131059,0.44555917281856106
17,15,-0.003461393327515161,-0.003653283742197755,0.01717068933952648
17,16,-0.0016313642514153015,-0.00465526686523432,0.07261896454377648
17,17,-0.0009117072212431188,-0.001666612139453183,0.4079611569210164
17,18,-5.150923494523507e-05,0.0027839617043476927,-0.2907415512367073
17,19,-9.367472652055397e-05,0.002448467192138315,-0.4123272766190216
17,20,-0.0015078238228313223,0.0007773425303863046,0.2096939626417611
17,21,0.0019347222159755706,0.0006661929353504181,0.18848233752700083
17,22,0.005551835494522095,0.0,-0.33086549961569356
18,0,-0.007155479925736619,-0.0006657494177915169,0.7751747269492375
18,1,-0.009970113500039068,0.0003328785822560576,0.5365461681896384
18,2,-0.0012845132985557228,0.0012212765095751532,-0.37870933399831197
18,3,-0.00012204061149378997,0.00022188928544508713,0.17550334895508568
18,4,0.0015790755251576805,0.0007762219629972034,-0.2227715321114726
18,5,0.005760692404419343,0.0003326939897474457,-0.15290242546092314
18,6,0.0034570643342093366,-0.0005539764818887072,0.4660410149461245
18,7,-0.003842122877052989,0.00044346648187021387,-0.08604930665670163
18,8,-0.004133169183446306,0.0014412165056756354,0.01417123347987781
18,9,-0.0018373669221455335,0.0015514116472123973,0.02735386530818218
18,10,-0.0034037327021348984,0.0025462460587724056,-0.49931202618308124
18,11,-0.0025665873558678998,0.003540600272448291,-0.02831430056829387
18,12,0.0009695950219537064,0.0017667485199375221,0.16838868470727908
18,13,0.002618582762822008,-0.00033074991777271023,-0.552592543393553
18,14,0.002507353188735628,-0.0008817834614190945,0.5007935329915623
18,15,0.008050227470411508,-0.002095530197341433,0.27551112980511494
18,16,0.019645681801079284,-0.0028685063309216163,-0.06496682998082826
18,17,0.016934215143145748,-0.001215742398316344,0.39336725786740967
18,18,0.0075033564368938155,0.0007745042486937415,-0.1620607870338352
18,19,0.007758709226513005,0.0008852645207586551,-0.4660547393430907
18,20,0.0036713751142327666,0.0002210874312158495,-0.39615871983221107
18,21,-0.002026772379205344,-0.00044224076032461923,2.015869705028593
18,22,-0.0025141025116945936,-0.0006631815704306598,0.6573909547738694
19,0,0.0021438454323507994,0.0,0.47801805124894825
19,1,0.0003299082507002282,0.0,0.11706235628559503
19,2,-0.003096080296524084,0.0,-0.5212891653180993
19,3,0.00014535120273917457,0.0,0.3604306267886688
19,4,0.0008114704532917738,0.0,-0.05300456978079715
19,5,-0.0003880144768958482,0.0,-0.06921615884315191
19,6,-0.0008617394147478752,0.0,-0.13658219790806492
19,7,-0.0032286279285578257,0.0,0.02240879066609036
19,8,-0.0013125223932649588,0.0,0.10755398371148894
19,9,0.0017013882077567821,0.0,-0.4376182425632975
19,10,-0.00014150119564293462,0.0,-0.25219139453197026
19,11,0.0010172063032309886,0.0,0.5215352956965196
19,12,0.0029878679504917738,0.0,0.5944140058818927
19,13,0.0006698352482359393,0.0,0.21166006123257008
19,14,-6.975607319059662e-05,0.0,0.10668859483682125
19,15,0.005322635865142367,0.0,-0.03590586438725796
19,16,0.004273161052140706,0.0,-0.13763497300539895
19,17,-0.002135423834177197,0.0,-0.18009114460984998
19,18,-0.0002961756149363337,0.0,-0.28080597286284004
19,19,0.003583347063793596,0.0,0.04771961706429595
19,20,0.006213251948501419,0.0,-0.009996482820777697
19,21,0.003293207318568747,0.0,-0.02356415685477875
19,22,-0.007114301207891138,0.0,0.7676704876627158
20,0,-0.003936487956700985,0.0,0.9447649529905982
20,1,-0.000293843585830289,0.0,-0.09094106526565682
20,2,-0.00392247940788959,0.0,-0.3196789098404835
20,3,-3.911615374208033e-05,0.0,0.06812607521124225
20,4,0.0006480603738756585,0.0,-0.030725733293014867
20,5,-0.0009743097405268131,0.0,0.02950527006879078
20,6,0.0011107741642586433,0.0,-0.05166609991295912
20,7,-0.0011879134145182935,0.0,-0.2314480306105139
20,8,-0.0006572646330597065,0.0,-0.08686483890281527
20,9,-0.0019217577909408368,0.0,-0.19064202708392097
20,10,-0.002734467691128617,0.0,-0.059800484917481134
20,11,-0.002812577152989215,0.0,0.6386339876873042
20,12,-0.002799463761000931,0.0,-0.13846973261704232
20,13,-0.003345879874875335,0.0,-0.05935382064408368
20,14,-0.005987230117586395,0.0,-0.0483150015344449
20,15,-0.003036428484858966,0.0,-0.10611625704858729
20,16,-0.002415636642069785,0.0,0.22655088936038958
20,17,-0.009086817116609192,0.0,-0.25464415576799027
20,18,-0.002915313793337204,0.0,-0.17169365593446373
20,19,0.008664369756991919,0.0,-0.17031153950183187
20,20,0.0038155731102136325,0.0,-0.058816223451968574
20,21,-0.00041162604184874496,0.0,0.501958948036014
20,22,-0.0005870979949209598,0.0,-0.2735590387237723
21,0,0.0005133509992583107,0.0009954325081398263,0.510718232044199
21,1,-0.002384649470044242,0.0011060580958384136,0.6314521771892996
21,2,-0.014047024280733122,-0.00033148086921341857,-0.30622283290144614
21,3,-0.008763067738826291,0.0,-0.11226215121697747
21,4,0.0025877189412197854,0.000773733793278053,0.12805876749413558
21,5,0.002008882977142301,0.0,-0.34116247955998213
21,6,0.00017021624531610158,0.00044180117156633614,-0.27104806408544724
21,7,0.003644454619600168,-0.0004419476040197212,0.8865354241877257
21,8,0.007423870799778909,-0.001876776442833239,0.29769132851635116
21,9,0.004576925471343474,-0.00088422013279843,0.10381004350491119
21,10,0.0034134542826351755,0.0007742472597918049,-0.1654716874611868
21,11,-0.00034334934494928415,0.0022126055873927797,-0.15004181748614265
21,12,-0.0037667133793670704,0.0014367565270807514,0.14780645379515622
21,13,-0.0011582674295445017,0.0002207457587866113,0.3790549719343954
21,14,-0.0049881030167791,-0.0007725383152759058,0.05759384094006714
21,15,-0.000606620923418788,-0.0009932353561263874,-0.30870759657854985
21,16,-0.002276190487083052,0.0,0.07179603281029578
21,17,-0.003955195061865591,0.0013256963181553783,0.10232591181091832
21,18,0.0026690331966974234,0.0023194726088211493,0.018975165573674513
21,19,0.0023751537895897457,0.0014342202855828212,-0.0704572938424739
21,20,0.004988305235729351,0.00011014543926934905,0.03667594727593393
21,21,0.0037166760506295304,-0.0004406816901190158,-0.19863379621133337
21,22,-0.00048575590026567195,-0.000661062542781643,-0.2979015987965188
22,0,-0.003505648083190205,0.0028656609973165548,1.1529168087369404
22,1,-0.0005369243878435848,0.002535858896683285,-0.17708634575106696
22,2,0.01777172326850085,-0.0013188485554014306,-0.4124397819622453
22,3,0.026099661188664802,-0.0009898054625855357,0.36878817083495297
22,4,0.026544823045396404,0.0013205902138972991,0.23683543539919127
22,5,0.014964457713548374,0.0020916086121756106,-0.1290631272659375
22,6,-0.019038379279607276,0.001758399233727559,-0.3541898423726719
22,7,-0.01447201396028508,0.0,0.11939791862075122
22,8,0.00804219407484652,-0.003620352864737386,0.06179486662905953
22,9,0.005938846331045244,-0.0012083969015800333,-0.15578839846462
22,10,0.007529841463091769,0.0005504996105549775,0.09299711118384546
22,11,0.010131645583581594,-0.0001100050511855244,0.21021561788087606
22,12,0.0014084083098004907,-0.0013205246205817422,0.23049848536138695
22,13,-0.0035093986443561764,-0.0037399275788152497,-0.032180586202183004
22,14,-0.0016403311047820113,-0.0017631151888789498,0.008461215607574513
22,15,-0.0033106478275888307,0.0014353287649822022,0.22712910840748135
22,16,-0.006423302817513021,0.0017662292545046476,-0.37694104809602413
22,17,-0.0013695359646795913,-0.00033074991777271023,-0.19147256996853024
22,18,0.0008160347944674573,-0.0005509899165364596,0.2098849284310973
22,19,-0.004645230870313655,-0.00044116771196656135,-0.1014503363511392
22,20,0.0003013940092229106,-0.0011025216313272912,-0.347901327357672
22,21,0.009612626675239433,0.00011035704845796523,-0.05188521251075007
22,22,-0.0015843870461087484,-0.0002207871786595872,1.1160265805313259
23,0,-0.008851216901965442,0.0003309688536148325,1.4951424329369303
23,1,-0.004759050339607329,0.0009936301071764575,0.17391128923796972
23,2,-0.0009125800280552765,-0.00044116771196656135,-0.3893657323256482
23,3,-0.0042423723833742155,-0.00011030836249126263,0.022715816005040912
23,4,-0.009966330549886382,0.00022064832990253969,-0.0038007444821837044
23,5,-0.0018539803242629826,-0.001213328613701159,-0.2001002601723466
23,6,0.006579964922621695,-0.00022059965495713207,0.1375029487159325
23,7,0.0012937886535728804,0.002319150587400509,-0.217519019960017
23,8,0.0011711618869507667,0.0013240872804558546,0.04142103458573443
23,9,0.0012460195823746911,0.0014323897397787722,0.35278957282778434
23,10,-0.0016427906540097403,0.0014324818309283671,-0.4072410204124982
23,11,-0.002650957863137293,0.0014302753552211112,0.07587178630610003
23,12,0.003049332699902818,0.0012103914086412093,0.28695375629333686
23,13,0.0005036061899907907,0.0016480009786110639,-0.34828977059622845
23,14,-0.0004363509800965337,0.0006593915242967263,-0.17594974157283816
23,15,0.013593493586152139,-0.0035099205088354735,0.4289932873242228
23,16,0.005312900718802638,-0.0020867844946745873,0.035335062214375546
23,17,-0.012108775835424135,-0.00022017961959441834,-0.39154848676913323
23,18,-0.009269881054294382,-0.0006603349904464872,-0.3787082667014784
23,19,0.0034119257099325395,0.0,0.1825659054780624
23,20,0.004498456737202616,0.00011015043477247133,0.30864894678783417
23,21,0.0028657115465213767,-0.0005504390289358119,-0.017961434529080167
23,22,0.003983386624154539,0.0005505602416477906,0.2546738116024927
24,0,0.016127613103863014,0.0008812006179501619,1.4302692803617814
24,1,0.007857507444501088,0.0013207355814288668,-0.030868714983263934
24,2,-0.003671460667759363,0.001650903076652055,-0.5951645892765146
24,3,-0.0021905434504593257,0.00032973200642993916,0.20923083271436815
24,4,-0.0002547240666738171,-0.00010983077808146557,0.04328171816312665
24,5,0.0054894320961389464,0.0006593121305573657,-0.22576396116637376
24,6,0.005768298426607643,-0.0005494762094615524,0.23582234925720935
24,7,0.003081598559484977,-0.00021964772458138437,0.3675987059580581
24,8,-0.001595448609050809,0.001099491063497382,-0.02678206426664209
24,9,-0.001482154391777124,-0.0009884355204407003,-0.2430798384731654
24,10,-0.0012868834521980732,-0.0007688050037786276,0.025906990649112727
24,11,-0.002063559370865331,0.0002198478220585276,-0.20163584031609794
24,12,-0.004908820882725484,0.0006594640128601004,-0.1828962851209337
24,13,0.0007665352008785487,0.0013189935397290853,0.4046142277354978
24,14,0.01286123127512706,-0.0014279188714243496,-0.035812311526029705
24,15,0.02098715896684422,-0.0030735321096957424,-0.23284290460370194
24,16,0.014204581528694638,0.000880006100116848,0.26818145638931945
24,17,0.00027703241946741564,0.0013212515688714177,-0.15520910665676813
24,18,-0.0003066130657657373,-0.0012089281324160206,-0.4473089617591246
24,19,0.000793856619156541,-0.0005497732218230356,0.26879137617903814
24,20,-0.002342716456785965,0.00022004135334552366,0.11911584938177588
24,21,0.0013805686342629464,-0.0003301240778627035,-0.02615782426005453
24,22,0.0018299626876003838,-0.0006600444090676394,0.39144059450264135
25,0,-0.0008558732828159998,-0.0005502572918603121,0.5510490505203767
25,1,0.004633290963403036,-0.0024218487898926,0.12403320249662197
25,2,-0.0006724196097389612,-0.0018720229675776023,-0.4628367224660985
25,3,-0.004726300670354622,0.00033104191116883896,-0.25831491934098894
25,4,0.0023039288775652533,-0.00011034487112360214,0.05681229690585532
25,5,0.002450675413360859,0.0,0.378151001065127
25,6,0.001141199916048885,0.00033100537836072697,0.0299781370152179
25,7,-0.0024652539282475905,0.0004412650624194825,-0.4879626933100353
25,8,-0.0025560674837966646,0.0011030080819320887,-0.025320360330215452
25,9,0.004332700023962355,0.0016539976945511015,0.9653349472440773
25,10,0.0057108141703308135,0.00011019898140141038,0.09456835419952148
25,11,0.010486208526439444,-0.0011008224640485231,-0.24527321836692295
25,12,0.013526708897130257,0.0008813633802382537,-0.34134747324263925
25,13,0.0075008385742398875,0.0007714314954512247,-0.09226723036082973
25,14,0.0004201428014922737,-0.0014309707041043618,0.4813098019374711
25,15,-0.015323410382415026,0.0023125105428873916,0.24741810225777283
25,16,-0.014232948133327539,0.0029762245003215337,0.06821503734473189
25,17,0.0003143660796087744,-0.0007690583919897076,-0.3076883001862488
25,18,0.0058065920921193115,0.00010992042298529903,-0.26723781221787535
25,19,0.00295125309336175,0.0007696502980101272,0.012629730661900762
25,20,0.001098946283772717,0.0005494107098540368,-0.07552073306895624
25,21,0.0027710707673680446,0.0,0.003963363657193852
25,22,-0.0035947735362882316,-0.0003294785068134187,0.4924515336401307
26,0,-0.006622030155706504,0.0,7.185123273644669
26,1,-0.0013646180513962047,0.0,1.5257934293261894
26,2,0.0008269005838654753,0.0,-0.726771788835266
26,3,0.0026018121397966,0.0,-0.15684992800403608
26,4,0.003944325251978187,0.0,-0.04534923489370146
26,5,0.0019085336040030043,0.0,0.2795854143781542
26,6,-0.00011974008489235022,0.0,-0.0347449743154149
26,7,0.0009611854743776238,0.0,-0.1413352539399173
26,8,0.0015741288239314866,0.0,0.3458167712274318
26,9,-0.0010890343234847277,0.0,-0.2372623302074679
26,10,-0.0012667697756983953,0.0,-0.016764821009180753
26,11,-0.0018837167784271358,0.0,0.005383797531687939
26,12,-0.001781792125482573,0.0,0.05220609191710368
26,13,-0.0029242112231221418,0.0,-0.38311085767605824
26,14,-0.002944399042062118,0.0,0.06702008280772342
26,15,-0.0006011697795048621,0.0,0.5199200006722631
26,16,0.0014531434538025412,0.0,-0.10831469729021859
26,17,0.0032641444198051595,0.0,0.24407039232164185
26,18,0.0032970609885292212,0.0,-0.13397561614865294
26,19,-0.0006175272122954656,0.0,-0.09051962625129162
26,20,0.0036133808214553476,0.0,-0.1615582897634179
26,21,0.0014473348775916328,0.0,-0.03778176292090352
26,22,-0.004236034909474884,0.0,0.2547671205596076
27,0,0.006119948672589581,0.0,0.23739443521889925
27,1,0.006213575086313261,0.0,-0.49794416256243146
27,2,0.00020546963489165293,0.0,-0.4271271094622102
27,3,0.00025689957612873293,0.0,-0.18743393430476651
27,4,-0.0017000408320868576,0.0,-0.015821503920451896
27,5,-0.0009774357835177216,0.0,0.6011586344404998
27,6,0.0007242028975993353,0.0,-0.0879822390449847
27,7,0.0014315927663539618,0.0,-0.5028834800700084
27,8,-0.0007401220772852435,0.0,-0.14576632373716003
27,9,-0.003049250252524671,0.0,-0.26565041736992023
27,10,-0.0013964374127938273,0.0,-0.03089335183290587
27,11,-0.00073562145249495,0.0,2.1091154906141125
27,12,-0.0026180591827402733,0.0,0.38450488319851917
27,13,0.0013121342475104214,0.0,-0.33574728138160337
27,14,0.004519304217853293,0.0,-0.2629400090526096
27,15,0.005089120466043484,0.0,-0.2273558159560486
27,16,0.005514860430384294,0.0,-0.09021640031933342
27,17,0.0015377021032803029,0.0,0.6884067416609094
27,18,-0.0005052453463397777,0.0,0.10089670964157582
27,19,-0.0015635253730574838,0.0,-0.3493567102474726
27,20,0.026866751064776873,0.0,0.03700035373187105
27,21,0.03835616486095561,0.0,0.03992168728308276
27,22,0.01346885206100179,0.0,-0.10714967935598296
28,0,0.00700204596576226,0.001098645490668293,0.8216836676479313
28,1,0.00231716310044483,0.002636762274647264,0.09881259837706513
28,2,0.000646833710243433,0.0014267306034205784,-0.4614514957157889
28,3,0.003967674435722213,0.0,-0.1795752611156699
28,4,0.003586469888091637,0.0,-0.07906841508446483
28,5,0.002522114426624089,0.00032872034128406113,0.10452441897916653
28,6,-0.0037674738410435893,-0.0001096072233643941,-0.07749671650838552
28,7,-0.003071954884300454,0.0,-0.4629024254237202
28,8,0.0023070774082312173,-0.002959262146242758,1.4945891372052427
28,9,0.0025789954052313213,-0.0026289638493803835,1.3278596397649234
28,10,0.0032474517159468697,-0.00021982366538364495,-0.279593466265328
28,11,0.002725745670790314,0.0014278274810475278,0.18180813846437127
28,12,0.0011751113924929335,0.0030786011920402867,-0.03178442201485421
28,13,0.009150496366465255,-0.00032907410939808646,-0.0009001897322974406
28,14,0.007905070981094608,-0.000986485301636919,-0.233492653567003
28,15,-0.003934941599331276,-0.0006582340859846436,-0.2561545285686563
28,16,-0.0019567459020167766,-0.002413876881815047,-0.038255068001026404
28,17,0.002701283745573768,-0.0008782671479009574,0.1639972047519216
28,18,0.008713406542111057,0.0005498941414443514,-0.18538816196717112
28,19,0.006167297465232258,-0.0003296233190716036,-0.007932696156124464
28,20,0.0005347473687600246,0.00021988918659543444,0.12697258524123045
28,21,-0.005832467103808692,0.00021986501362558641,0.3335135353209344
28,22,-0.006854455334853737,-0.00021984084597059805,0.5959787953824154
29,0,-0.003965253342377184,0.0010988869193158113,0.5289255698285824
29,1,-0.0015402798397938788,-0.00021982366538364495,-0.38176560354592104
29,2,1.9195458206278104e-05,-0.001646553752396973,-0.6717758148517516
29,3,-0.00406219862617907,0.0,-0.2707778589438463
29,4,0.0033265996738811587,0.0005497782995576017,0.826892701689234
29,5,0.006256766798368174,0.0003298407654876989,1.5388499321398568
29,6,-0.00037129786998024716,-0.0016483631287772527,-0.18667872251958528
29,7,-0.004939212436808504,-0.0010991285261032768,-0.4357254453986871
29,8,-3.8769944651795285e-05,0.0018711987277870712,-0.04384818878213448
29,9,0.003946954669598934,-0.0034110672864814395,0.42459426844259984
29,10,0.0009316647482193741,-0.0056031771331909175,-0.06498852145278944
29,11,0.005745227290075761,-0.0038644631090565262,-0.32619770493490463
29,12,0.005136866714828825,-0.00640814147697033,-0.15873959571938157
29,13,-0.0036908346354287414,-0.004544408301998315,-0.12832653828529794
29,14,-0.0007294345624776488,0.0016679756756308173,0.19330510074717466
29,15,-0.003706800918504838,0.0020042318566877437,1.0748561107441805
29,16,-0.006741287152310704,0.0016651981655955161,0.2997056922110153
29,17,-0.0013061085693087948,0.0028891594062905313,-0.30743220198594834
29,18,0.0010783617489482644,-0.0011082645740722041,-0.1672087126205689
29,19,0.005112142443517875,-0.0008863755798080852,0.03981408524688579
29,20,-0.0025332157936982513,0.0006656832859335271,-0.2676593434132487
29,21,-0.007775537819908918,-0.0004436140205035244,-0.47429241559730273
29,22,-0.0016002558432198777,-0.0008870313205590064,0.35376446500168246
30,0,-0.0020902868196776003,-0.0004438109012416813,2.880379573066099
30,1,-0.010749832147328497,-0.0009987465892364877,0.08657552714174366
30,2,0.0003839916352361694,-0.0013320238704392917,-0.3550454820835526
30,3,0.012517913326898,-0.0008887064362024244,0.2378884516216584
30,4,0.00012122267538772213,0.0001111666060815697,-0.2013706285075645
30,5,0.0006203942052824818,0.0002224073702461471,-0.20910201396936756
30,6,0.0038535208975871704,-0.00011115424944085905,-0.14555296561967446
30,7,-8.232765302707001e-06,-0.0014451276848591599,-0.2581561126292029
30,8,0.00030004478022149783,-0.0040013353242622784,-0.17674808838157996
30,9,-0.003758288301794588,-0.0014471527485319102,0.5086721865440977
30,10,-0.00340456497746755,0.0025667046892114964,0.8004637964177828
30,11,0.0007654842388176153,0.0006688744084970555,-0.0285871999830154
30,12,0.0009427606089484897,0.00033391604436405764,-0.2531987947111001
30,13,-0.006040908002411194,-0.0023395620054652566,-0.46291115725057375
30,14,-0.003407777948178592,-0.0034494024413829205,0.05960577494769215
30,15,0.0027962246895889553,0.00011168798822303039,0.6834659233487286
30,16,0.0022274419120851263,0.0003349599934778791,-0.5058124593085016
30,17,0.009982186472555332,0.0008932044650240556,-0.10377001232767435
30,18,0.0011228151712519008,-0.00022327624221030185,1.0623618634886243
30,19,-0.012339336595988515,0.0,0.050053042289988525
30,20,-0.0024516235650057228,0.0002233261056239222,-0.34236903486099723
30,21,-0.0014488404832856405,-0.0004461704347122897,-0.2153305450793882
30,22,-0.0035671489643823717,0.0,-0.12531313905930475
31,0,0.0046288772273779255,-0.0013393083439980913,7.562668441554191
31,1,0.007628047837112906,-0.0015626675736100104,7.820013004946263
31,2,0.001104821708517223,0.0004470348321468087,-0.2279040725827004
31,3,-0.006267293593826051,0.00111792857038151,0.3514534411748138
31,4,-0.004520014816141615,0.0004468350813011668,0.07174992985756967
31,5,-0.00030603554341590566,-0.00011168798822314141,-0.18766273567558278
31,6,0.002332449433273931,-0.0006699865397061799,0.02158045162800426
31,7,0.0014303452714607978,0.0011168049353764697,0.12144159262120913
31,8,0.0030485750565842906,0.00357541299692965,-0.17452569950467134
31,9,0.003056505630780082,0.0037929806419214618,-0.05178905440501669
31,10,-0.00040603449558018756,0.0032286845535907105,-0.036174851812760034
31,11,-0.0028777153105967734,0.000666793012438438,0.0029518451870731433
31,12,0.003073774048965028,-0.0007768249515858194,0.16105477749484653
31,13,-0.0035945420808337625,0.0007774288777360194,-0.3840395967874305
31,14,-0.014662342864766753,-0.00188803210336419,-0.17267229534573292
31,15,-0.011355628673170193,0.0,0.2374607754402569
31,16,-0.01991533163476955,0.003783273346224858,-0.17545631343713386
31,17,-0.012592170621015253,0.001220734373425847,-0.3114404734501117
31,18,0.003815116850113709,0.001108510249309358,0.1489036986714254
31,19,-0.004228465913997059,0.0012192459979265546,0.21492197694356685
31,20,-0.0032536641551095258,-0.00011074808151056992,-0.26077578129879875
31,21,0.003611203041661293,-0.00011072356397390237,0.4396073088138044
31,22,0.0006742811711546448,-0.0003322150366612542,0.25852152703060494
